,ImageName,city,year
241,242_original.jpg,birmingham,1912
360,N17_17_original.jpg,london,1949
249,250_original.jpg,birmingham,1899
186,187_original.jpg,sheffield,1926
460,N26_26_original.jpg,london,1801
413,N217_217_original.jpg,birmingham,1936
16,17_original.jpg,london,1978
549,N79_79_original.jpg,sheffield,1904
187,188_original.jpg,sheffield,1828
440,N241_241_original.jpg,birmingham,1896
450,N250_250_original.jpg,london,1797
102,103_original.jpg,london,1985
244,245_original.jpg,sheffield,1915
423,N226_226_original.jpg,chester,1894
146,147_original.jpg,london,1926
421,N224_224_original.jpg,sheffield,1896
172,173_original.jpg,birmingham,1918
128,129_original.jpg,birmingham,1921
328,N140_140_original.jpg,london,1905
439,N240_240_original.jpg,sheffield,1919
110,111_original.jpg,london,1825
394,N20_20_original.jpg,birmingham,1937
376,N184_184_original.jpg,london,1799
396,N201_201_original.jpg,sheffield,1893
495,N3_3_original.jpg,sheffield,1828
493,N29_29_original.jpg,sheffield,1936
142,143_original.jpg,london,1902
410,N214_214_original.jpg,london,1847
6,7_original.jpg,chester,1903
324,N137_137_original.jpg,london,1921
11,12_original.jpg,london,1985
295,N110_110_original.jpg,sheffield,1920
213,214_original.jpg,london,1836
561,N9_9_original.jpg,sheffield,1887
58,59_original.jpg,birmingham,2020
481,N279_279_original.jpg,london,1794
532,N63_63_original.jpg,london,1897
427,N23_23_original.jpg,london,1808
197,198_original.jpg,sheffield,1957
245,246_original.jpg,london,1975
424,N227_227_original.jpg,sheffield,1903
101,102_original.jpg,dublin,1976
214,215_original.jpg,london,1989
104,105_original.jpg,sheffield,1961
201,202_original.jpg,london,1939
379,N187_187_original.jpg,sheffield,1898
326,N139_139_original.jpg,birmingham,1909
18,19_original.jpg,sheffield,1978
168,169_original.jpg,birmingham,1908
462,N261_261_original.jpg,london,1828
121,122_original.jpg,chester,1913
207,208_original.jpg,london,1901
407,N211_211_original.jpg,london,1790
373,N181_181_original.jpg,london,1844
363,N172_172_original.jpg,birmingham,1928
569,N97_97_original.jpg,london,1901
258,259_original.jpg,london,1899
80,81_original.jpg,chester,1921
46,47_original.jpg,birmingham,1912
221,222_original.jpg,london,1849
233,234_original.jpg,london,1823
93,94_original.jpg,london,1823
484,N281_281_original.jpg,exeter,1801
81,82_original.jpg,birmingham,1909
558,N87_87_original.jpg,sheffield,1919
375,N183_183_original.jpg,london,1866
223,224_original.jpg,london,1808
218,219_original.jpg,birmingham,1970
115,116_original.jpg,birmingham,1901
315,N129_129_original.jpg,dublin,1902
383,N190_190_original.jpg,sheffield,1886
293,N109_109_original.jpg,birmingham,1901
523,N55_55_original.jpg,london,1808
351,N161_161_original.jpg,birmingham,1949
139,140_original.jpg,glasgow,1838
106,107_original.jpg,london,1895
255,256_original.jpg,birmingham,1948
204,205_original.jpg,london,1792
470,N269_269_original.jpg,sheffield,1942
88,89_original.jpg,birmingham,1902
185,186_original.jpg,birmingham,1941
305,N12_12_original.jpg,birmingham,1924
408,N212_212_original.jpg,london,1821
531,N62_62_original.jpg,london,1775
95,96_original.jpg,sheffield,1899
291,N107_107_original.jpg,london,1906
122,123_original.jpg,birmingham,1931
318,N131_131_original.jpg,birmingham,1922
246,247_original.jpg,sheffield,1928
23,24_original.jpg,london,1938
164,165_original.jpg,london,1932
13,14_original.jpg,birmingham,1923
435,N237_237_original.jpg,london,1791
61,62_original.jpg,birmingham,1898
432,N234_234_original.jpg,london,1836
459,N259_259_original.jpg,london,1816
378,N186_186_original.jpg,london,1858
39,40_original.jpg,birmingham,1935
451,N251_251_original.jpg,edinburgh,1797
70,71_original.jpg,london,1838
283,N10_10_original.jpg,birmingham,1919
487,N284_284_original.jpg,london,1921
98,99_original.jpg,london,1986
344,N155_155_original.jpg,london,1805
527,N59_59_original.jpg,london,1804
441,N242_242_original.jpg,edinburgh,1894
472,N270_270_original.jpg,sheffield,1909
355,N165_165_original.jpg,birmingham,1935
419,N222_222_original.jpg,london,1904
224,225_original.jpg,birmingham,1885
433,N235_235_original.jpg,london,1806
127,128_original.jpg,birmingham,1924
82,83_original.jpg,london,1818
1,2_original.jpg,birmingham,1917
267,268_original.jpg,london,1905
27,28_original.jpg,london,2017
89,90_original.jpg,london,1961
73,74_original.jpg,birmingham,1909
428,N230_230_original.jpg,birmingham,1938
171,172_original.jpg,sheffield,1912
544,N74_74_original.jpg,london,1890
368,N177_177_original.jpg,chester,1902
292,N108_108_original.jpg,london,1903
91,92_original.jpg,birmingham,1936
474,N272_272_original.jpg,chester,1934
125,126_original.jpg,birmingham,1930
555,N84_84_original.jpg,london,1901
12,13_original.jpg,sheffield,2002
307,N121_121_original.jpg,london,1900
571,N99_99_original.jpg,london,1887
345,N156_156_original.jpg,london,1905
238,239_original.jpg,birmingham,1918
422,N225_225_original.jpg,chester,1903
406,N210_210_original.jpg,glasgow,1877
509,N42_42_original.jpg,birmingham,1918
304,N119_119_original.jpg,birmingham,1926
14,15_original.jpg,birmingham,1990
539,N7_7_original.jpg,birmingham,1924
541,N71_71_original.jpg,birmingham,1901
208,209_original.jpg,birmingham,1899
131,132_original.jpg,london,1891
174,175_original.jpg,birmingham,1971
392,N199_199_original.jpg,london,1816
191,192_original.jpg,birmingham,1949
270,271_original.jpg,london,1976
123,124_original.jpg,birmingham,1963
138,139_original.jpg,birmingham,2005
51,52_original.jpg,birmingham,1899
442,N243_243_original.jpg,london,1730
112,113_original.jpg,sheffield,1924
265,266_original.jpg,birmingham,1902
342,N153_153_original.jpg,sheffield,1905
272,273_original.jpg,birmingham,1936
256,257_original.jpg,birmingham,1927
438,N24_24_original.jpg,london,1811
105,106_original.jpg,chester,1909
563,N91_91_original.jpg,london,1905
445,N246_246_original.jpg,london,1800
465,N264_264_original.jpg,london,1780
230,231_original.jpg,sheffield,1897
153,154_original.jpg,london,1932
402,N207_207_original.jpg,sheffield,1931
437,N239_239_original.jpg,london,1905
294,N11_11_original.jpg,birmingham,1917
150,151_original.jpg,london,1932
524,N56_56_original.jpg,london,1772
163,164_original.jpg,london,1932
167,168_original.jpg,birmingham,1977
314,N128_128_original.jpg,sheffield,1935
206,207_original.jpg,sheffield,1896
188,189_original.jpg,london,1870
145,146_original.jpg,birmingham,1936
491,N288_288_original.jpg,london,1900
226,227_original.jpg,london,1834
498,N32_32_original.jpg,london,1895
434,N236_236_original.jpg,london,1792
485,N282_282_original.jpg,london,1899
298,N113_113_original.jpg,london,1895
507,N40_40_original.jpg,london,1784
540,N70_70_original.jpg,sheffield,1904
444,N245_245_original.jpg,london,1790
411,N215_215_original.jpg,london,1825
175,176_original.jpg,birmingham,1972
514,N47_47_original.jpg,london,1939
449,N25_25_original.jpg,london,1816
229,230_original.jpg,london,2005
349,N16_16_original.jpg,sheffield,1967
280,281_original.jpg,birmingham,1915
538,N69_69_original.jpg,london,1931
228,229_original.jpg,london,1853
100,101_original.jpg,london,1805
290,N106_106_original.jpg,london,1906
504,N38_38_original.jpg,london,1850
53,54_original.jpg,birmingham,1903
227,228_original.jpg,london,1853
552,N81_81_original.jpg,birmingham,1901
570,N98_98_original.jpg,london,1889
154,155_original.jpg,london,1932
251,252_original.jpg,london,1909
275,276_original.jpg,london,1988
158,159_original.jpg,london,1932
271,272_original.jpg,london,1907
44,45_original.jpg,sheffield,1975
562,N90_90_original.jpg,birmingham,1918
113,114_original.jpg,sheffield,1930
400,N205_205_original.jpg,london,1928
211,212_original.jpg,birmingham,1925
108,109_original.jpg,sheffield,1912
320,N133_133_original.jpg,sheffield,1904
169,170_original.jpg,london,1788
79,80_original.jpg,birmingham,1971
50,51_original.jpg,birmingham,1920
84,85_original.jpg,london,1975
8,9_original.jpg,sheffield,1902
32,33_original.jpg,london,1972
99,100_original.jpg,london,1812
109,110_original.jpg,london,1825
136,137_original.jpg,birmingham,1901
330,N142_142_original.jpg,london,1934
222,223_original.jpg,london,1985
28,29_original.jpg,sheffield,2001
287,N103_103_original.jpg,london,1894
464,N263_263_original.jpg,london,1802
55,56_original.jpg,birmingham,1910
156,157_original.jpg,london,1932
557,N86_86_original.jpg,sheffield,1892
545,N75_75_original.jpg,dublin,1903
310,N124_124_original.jpg,london,1882
48,49_original.jpg,birmingham,1913
83,84_original.jpg,london,1741
443,N244_244_original.jpg,london,1794
33,34_original.jpg,london,1982
35,36_original.jpg,sheffield,1973
331,N143_143_original.jpg,sheffield,1938
63,64_original.jpg,birmingham,1914
500,N34_34_original.jpg,london,1975
322,N135_135_original.jpg,sheffield,1910
372,N180_180_original.jpg,london,1825
385,N192_192_original.jpg,london,1903
234,235_original.jpg,london,1823
568,N96_96_original.jpg,london,1898
343,N154_154_original.jpg,london,1794
45,46_original.jpg,london,1945
303,N118_118_original.jpg,sheffield,1926
494,N290_290_original.jpg,chester,1897
177,178_original.jpg,sheffield,1919
219,220_original.jpg,birmingham,1929
553,N82_82_original.jpg,sheffield,1895
296,N111_111_original.jpg,sheffield,1909
21,22_original.jpg,london,1990
248,249_original.jpg,birmingham,1910
560,N89_89_original.jpg,birmingham,1902
325,N138_138_original.jpg,london,1839
309,N123_123_original.jpg,london,1923
199,200_original.jpg,birmingham,1977
137,138_original.jpg,birmingham,2020
24,25_original.jpg,london,1978
399,N204_204_original.jpg,sheffield,1916
184,185_original.jpg,birmingham,1904
205,206_original.jpg,london,1906
134,135_original.jpg,london,1988
299,N114_114_original.jpg,sheffield,1906
116,117_original.jpg,birmingham,1913
212,213_original.jpg,sheffield,1854
551,N80_80_original.jpg,sheffield,1897
556,N85_85_original.jpg,birmingham,1911
525,N57_57_original.jpg,london,1913
417,N220_220_original.jpg,london,1876
231,232_original.jpg,london,2000
405,N21_21_original.jpg,london,1925
217,218_original.jpg,london,1827
56,57_original.jpg,birmingham,1909
317,N130_130_original.jpg,london,1930
496,N30_30_original.jpg,birmingham,1933
463,N262_262_original.jpg,london,1789
489,N286_286_original.jpg,london,1926
340,N151_151_original.jpg,london,1901
181,182_original.jpg,london,1901
97,98_original.jpg,birmingham,1913
114,115_original.jpg,birmingham,1917
397,N202_202_original.jpg,sheffield,1937
278,279_original.jpg,sheffield,1972
118,119_original.jpg,birmingham,1928
473,N271_271_original.jpg,london,1905
170,171_original.jpg,london,1788
401,N206_206_original.jpg,sheffield,1925
389,N196_196_original.jpg,sheffield,1909
528,N6_6_original.jpg,london,1914
54,55_original.jpg,birmingham,1938
176,177_original.jpg,sheffield,1931
327,N14_14_original.jpg,london,1915
194,195_original.jpg,sheffield,1940
198,199_original.jpg,edinburgh,1814
446,N247_247_original.jpg,london,1802
352,N162_162_original.jpg,sheffield,1892
182,183_original.jpg,sheffield,1874
511,N44_44_original.jpg,london,1971
354,N164_164_original.jpg,birmingham,1908
103,104_original.jpg,edinburgh,1955
220,221_original.jpg,london,1938
130,131_original.jpg,chester,1929
353,N163_163_original.jpg,sheffield,1921
371,N18_18_original.jpg,london,1964
338,N15_15_original.jpg,birmingham,1936
505,N39_39_original.jpg,london,1896
60,61_original.jpg,birmingham,1923
94,95_original.jpg,birmingham,1922
193,194_original.jpg,london,1910
140,141_original.jpg,glasgow,1838
499,N33_33_original.jpg,london,1871
148,149_original.jpg,london,1932
202,203_original.jpg,london,1922
152,153_original.jpg,london,1932
377,N185_185_original.jpg,london,1821
391,N198_198_original.jpg,birmingham,1834
337,N149_149_original.jpg,london,1908
380,N188_188_original.jpg,london,1883
510,N43_43_original.jpg,london,1820
10,11_original.jpg,birmingham,1994
269,270_original.jpg,london,1976
96,97_original.jpg,sheffield,1973
210,211_original.jpg,sheffield,1904
240,241_original.jpg,london,1841
57,58_original.jpg,birmingham,1895
452,N252_252_original.jpg,london,1795
301,N116_116_original.jpg,london,1912
479,N277_277_original.jpg,glasgow,1928
359,N169_169_original.jpg,sheffield,1888
36,37_original.jpg,birmingham,1973
30,31_original.jpg,london,1978
20,21_original.jpg,birmingham,1909
533,N64_64_original.jpg,birmingham,1908
332,N144_144_original.jpg,london,1921
75,76_original.jpg,birmingham,1938
200,201_original.jpg,birmingham,1925
77,78_original.jpg,london,1890
263,264_original.jpg,london,1976
203,204_original.jpg,sheffield,1911
149,150_original.jpg,london,1932
475,N273_273_original.jpg,london,1819
76,77_original.jpg,london,1824
2,3_original.jpg,birmingham,1901
537,N68_68_original.jpg,london,1894
469,N268_268_original.jpg,london,1824
52,53_original.jpg,birmingham,1900
262,263_original.jpg,birmingham,1903
461,N260_260_original.jpg,london,1803
253,254_original.jpg,birmingham,1939
384,N191_191_original.jpg,london,1883
259,260_original.jpg,birmingham,1973
333,N145_145_original.jpg,sheffield,1876
369,N178_178_original.jpg,london,1899
321,N134_134_original.jpg,sheffield,1921
183,184_original.jpg,london,1898
151,152_original.jpg,london,1932
216,217_original.jpg,sheffield,1917
416,N22_22_original.jpg,london,1799
302,N117_117_original.jpg,london,1864
190,191_original.jpg,birmingham,1902
74,75_original.jpg,birmingham,1906
348,N159_159_original.jpg,glasgow,1927
243,244_original.jpg,sheffield,1914
455,N255_255_original.jpg,london,1860
564,N92_92_original.jpg,london,1897
87,88_original.jpg,chester,1929
239,240_original.jpg,birmingham,1985
143,144_original.jpg,birmingham,1932
519,N51_51_original.jpg,london,1915
266,267_original.jpg,birmingham,1958
418,N221_221_original.jpg,london,1972
288,N104_104_original.jpg,london,1899
166,167_original.jpg,london,1932
536,N67_67_original.jpg,birmingham,1907
155,156_original.jpg,london,1932
356,N166_166_original.jpg,london,1802
381,N189_189_original.jpg,sheffield,1901
279,280_original.jpg,sheffield,1924
126,127_original.jpg,london,1927
22,23_original.jpg,london,1971
282,N1_1_original.jpg,sheffield,1960
471,N27_27_original.jpg,london,1802
367,N176_176_original.jpg,birmingham,1936
25,26_original.jpg,london,1902
196,197_original.jpg,sheffield,1955
64,65_original.jpg,birmingham,1896
15,16_original.jpg,london,1970
466,N265_265_original.jpg,london,1885
297,N112_112_original.jpg,glasgow,1918
336,N148_148_original.jpg,london,1906
26,27_original.jpg,birmingham,1991
43,44_original.jpg,birmingham,1950
497,N31_31_original.jpg,london,1873
515,N48_48_original.jpg,edinburgh,1811
546,N76_76_original.jpg,london,1900
454,N254_254_original.jpg,london,1837
387,N194_194_original.jpg,sheffield,1966
71,72_original.jpg,birmingham,1892
456,N256_256_original.jpg,london,1828
431,N233_233_original.jpg,london,1789
264,265_original.jpg,london,1975
209,210_original.jpg,birmingham,1814
316,N13_13_original.jpg,birmingham,1922
513,N46_46_original.jpg,london,1823
313,N127_127_original.jpg,london,1908
534,N65_65_original.jpg,london,1893
319,N132_132_original.jpg,london,1910
7,8_original.jpg,birmingham,1905
393,N2_2_original.jpg,birmingham,1912
141,142_original.jpg,birmingham,1932
86,87_original.jpg,london,1817
478,N276_276_original.jpg,sheffield,1906
503,N37_37_original.jpg,london,1869
215,216_original.jpg,birmingham,1968
398,N203_203_original.jpg,sheffield,1904
490,N287_287_original.jpg,birmingham,1902
252,253_original.jpg,birmingham,1989
468,N267_267_original.jpg,london,1804
357,N167_167_original.jpg,london,1879
254,255_original.jpg,london,1909
276,277_original.jpg,sheffield,1927
178,179_original.jpg,london,1922
281,282_original.jpg,birmingham,1932
390,N197_197_original.jpg,london,1861
508,N41_41_original.jpg,sheffield,1844
129,130_original.jpg,london,1820
144,145_original.jpg,london,1952
72,73_original.jpg,birmingham,1899
235,236_original.jpg,london,1823
37,38_original.jpg,london,1969
