,image_name,city,year
0,1_original.jpg,Birmingham,1914
1,2_original.jpg,Birmingham,1917
2,3_original.jpg,Birmingham,1901
3,4_original.jpg,Sheffield,1901
4,5_original.jpg,Birmingham,1904
5,6_original.jpg,Chester,1921
6,7_original.jpg,Chester,1903
7,8_original.jpg,Birmingham,1905
8,9_original.jpg,Sheffield,1902
9,10_original.jpg,Birmingham,2000
10,11_original.jpg,Birmingham,1994
11,12_original.jpg,London,1985
12,13_original.jpg,Sheffield,2002
13,14_original.jpg,Birmingham,1923
14,15_original.jpg,Birmingham,1990
15,16_original.jpg,London,1970
16,17_original.jpg,London,1978
17,18_original.jpg,London,1978
18,19_original.jpg,Sheffield,1978
19,20_original.jpg,Birmingham,1945
20,21_original.jpg,Birmingham,1909
21,22_original.jpg,London,1990
22,23_original.jpg,London,1971
23,24_original.jpg,London,1938
24,25_original.jpg,London,1978
25,26_original.jpg,London,1902
26,27_original.jpg,Birmingham,1991
27,28_original.jpg,London,2017
28,29_original.jpg,Sheffield,2001
29,30_original.jpg,Birmingham,1903
30,31_original.jpg,London,1978
31,32_original.jpg,London,1978
32,33_original.jpg,London,1972
33,34_original.jpg,London,1982
34,35_original.jpg,London,1973
35,36_original.jpg,Sheffield,1973
36,37_original.jpg,Birmingham,1973
37,38_original.jpg,London,1969
38,39_original.jpg,Sheffield,1950
39,40_original.jpg,Birmingham,1935
40,41_original.jpg,London,1932
41,42_original.jpg,Sheffield,1953
42,43_original.jpg,London,1979
43,44_original.jpg,Birmingham,1950
44,45_original.jpg,Sheffield,1975
45,46_original.jpg,London,1945
46,47_original.jpg,Birmingham,1912
47,48_original.jpg,Birmingham,1912
48,49_original.jpg,Birmingham,1913
49,50_original.jpg,Birmingham,1913
50,51_original.jpg,Birmingham,1920
51,52_original.jpg,Birmingham,1899
52,53_original.jpg,Birmingham,1900
53,54_original.jpg,Birmingham,1903
54,55_original.jpg,Birmingham,1938
55,56_original.jpg,Birmingham,1910
56,57_original.jpg,Birmingham,1909
57,58_original.jpg,Birmingham,1895
58,59_original.jpg,Birmingham,2020
59,60_original.jpg,Birmingham,1905
60,61_original.jpg,Birmingham,1923
61,62_original.jpg,Birmingham,1898
62,63_original.jpg,Birmingham,1898
63,64_original.jpg,Birmingham,1914
64,65_original.jpg,Birmingham,1896
65,66_original.jpg,Birmingham,1913
66,67_original.jpg,Birmingham,1924
67,68_original.jpg,Birmingham,1931
68,69_original.jpg,Birmingham,1904
69,70_original.jpg,Birmingham,1892
70,71_original.jpg,London,1838
71,72_original.jpg,Birmingham,1892
72,73_original.jpg,Birmingham,1899
73,74_original.jpg,Birmingham,1909
74,75_original.jpg,Birmingham,1906
75,76_original.jpg,Birmingham,1938
76,77_original.jpg,London,1824
77,78_original.jpg,London,1890
78,79_original.jpg,Sheffield,1910
79,80_original.jpg,Birmingham,1971
80,81_original.jpg,Chester,1921
81,82_original.jpg,Birmingham,1909
82,83_original.jpg,London,1818
83,84_original.jpg,London,1741
84,85_original.jpg,London,1975
85,86_original.jpg,Birmingham,1934
86,87_original.jpg,London,1817
87,88_original.jpg,Chester,1929
88,89_original.jpg,Birmingham,1902
89,90_original.jpg,London,1961
90,91_original.jpg,Birmingham,1853
91,92_original.jpg,Birmingham,1936
92,93_original.jpg,Birmingham,1907
93,94_original.jpg,London,1823
94,95_original.jpg,Birmingham,1922
95,96_original.jpg,Sheffield,1899
96,97_original.jpg,Sheffield,1973
97,98_original.jpg,Birmingham,1913
98,99_original.jpg,London,1986
99,100_original.jpg,London,1812
100,101_original.jpg,London,1805
101,102_original.jpg,Dublin,1976
102,103_original.jpg,London,1985
103,104_original.jpg,Edinburgh,1955
104,105_original.jpg,Sheffield,1961
105,106_original.jpg,Chester,1909
106,107_original.jpg,London,1895
107,108_original.jpg,Birmingham,1968
108,109_original.jpg,Sheffield,1912
109,110_original.jpg,London,1825
110,111_original.jpg,London,1825
111,112_original.jpg,Sheffield,1919
112,113_original.jpg,Sheffield,1924
113,114_original.jpg,Sheffield,1930
114,115_original.jpg,Birmingham,1917
115,116_original.jpg,Birmingham,1901
116,117_original.jpg,Birmingham,1913
117,118_original.jpg,Birmingham,1941
118,119_original.jpg,Birmingham,1928
119,120_original.jpg,Newcastle,1829
120,121_original.jpg,Newcastle,1829
121,122_original.jpg,Chester,1913
122,123_original.jpg,Birmingham,1931:
123,124_original.jpg,Birmingham,1963:
124,125_original.jpg,Birmingham,1963:
125,126_original.jpg,Birmingham,1930:
126,127_original.jpg,London,1927:
127,128_original.jpg,Birmingham,1924:
128,129_original.jpg,Birmingham,1921:
129,130_original.jpg,London,1820:
130,131_original.jpg,Chester,1929:
131,132_original.jpg,London,1891:
132,133_original.jpg,Birmingham,1936:
133,134_original.jpg,Birmingham,1901:
134,135_original.jpg,London,1988:
135,136_original.jpg,Birmingham,1981:
136,137_original.jpg,Birmingham,1901:
137,138_original.jpg,Birmingham,2020:
138,139_original.jpg,Birmingham,2005:
139,140_original.jpg,Glasgow,1838:
140,141_original.jpg,Glasgow,1838:
141,142_original.jpg,Birmingham,1932:
142,143_original.jpg,London,1902:
143,144_original.jpg,Birmingham,1932:
144,145_original.jpg,London,1952:
145,146_original.jpg,Birmingham,1936:
146,147_original.jpg,London,1926:
147,148_original.jpg,London,1926:
148,149_original.jpg,London,1932:
149,150_original.jpg,LONDON,1932:
150,151_original.jpg,London,1932:
151,152_original.jpg,London,1932:
152,153_original.jpg,London,1932:
153,154_original.jpg,London,1932:
154,155_original.jpg,London,1932:
155,156_original.jpg,London,1932:
156,157_original.jpg,London,1932:
157,158_original.jpg,London,1932:
158,159_original.jpg,London,1932:
159,160_original.jpg,Sheffield,1932:
160,161_original.jpg,London,1916:
161,162_original.jpg,London,1932:
162,163_original.jpg,London,1932:
163,164_original.jpg,London,1932:
164,165_original.jpg,London,1932:
165,166_original.jpg,London,1932:
166,167_original.jpg,London,1932:
167,168_original.jpg,Birmingham,1977:
168,169_original.jpg,Birmingham,1908:
169,170_original.jpg,London,1788:
170,171_original.jpg,London,1788:
171,172_original.jpg,Sheffield,1912:
172,173_original.jpg,Birmingham,1918:
173,174_original.jpg,Birmingham,1927:
174,175_original.jpg,Birmingham,1971:
175,176_original.jpg,Birmingham,1972:
176,177_original.jpg,Sheffield,1931:
177,178_original.jpg,Sheffield,1919:
178,179_original.jpg,London,1922:
179,180_original.jpg,Sheffield,1927:
180,181_original.jpg,London,1904:
181,182_original.jpg,1901,London:
182,183_original.jpg,Sheffield,1874:
183,184_original.jpg,London,1898:
184,185_original.jpg,Birmingham,1904:
185,186_original.jpg,Birmingham,1941:
186,187_original.jpg,Sheffield,1926:
187,188_original.jpg,Sheffield,1828:
188,189_original.jpg,London,1870:
189,190_original.jpg,Sheffield,1913:
190,191_original.jpg,Birmingham,1902:
191,192_original.jpg,Birmingham,1949:
192,193_original.jpg,Birmingham,1949:
193,194_original.jpg,London,1910:
194,195_original.jpg,Sheffield,1940:
195,196_original.jpg,Birmingham,1977:
196,197_original.jpg,Sheffield,1955:
197,198_original.jpg,Sheffield,1957:
198,199_original.jpg,Edinburgh,1814:
199,200_original.jpg,Birmingham,1977:
200,201_original.jpg,Birmingham,1925:
201,202_original.jpg,London,1939:
202,203_original.jpg,London,1922:
203,204_original.jpg,Sheffield,1911:
204,205_original.jpg,London,1792:
205,206_original.jpg,London,1906:
206,207_original.jpg,Sheffield,1896:
207,208_original.jpg,London,1901:
208,209_original.jpg,Birmingham,1899:
209,210_original.jpg,Birmingham,1814:
210,211_original.jpg,Sheffield,1904:
211,212_original.jpg,Birmingham,1925:
212,213_original.jpg,Sheffield,1854:
213,214_original.jpg,London,1836:
214,215_original.jpg,London,1989:
215,216_original.jpg,Birmingham,1968:
216,217_original.jpg,Sheffield,1917:
217,218_original.jpg,London,1827:
218,219_original.jpg,Birmingham,1970:
219,220_original.jpg,Birmingham,1929:
220,221_original.jpg,London,1938:
221,222_original.jpg,London,1849:
222,223_original.jpg,London,1985:
223,224_original.jpg,London,1808:
224,225_original.jpg,Birmingham,1885:
225,226_original.jpg,Birmingham,1924:
226,227_original.jpg,London,1834:
227,228_original.jpg,London,1853:
228,229_original.jpg,London,1853:
229,230_original.jpg,London,2005:
230,231_original.jpg,Sheffield,1897:
231,232_original.jpg,London,2000:
232,233_original.jpg,London,1823:
233,234_original.jpg,London,1823:
234,235_original.jpg,London,1823:
235,236_original.jpg,London,1823:
236,237_original.jpg,Birmingham,1907:
237,238_original.jpg,Birmingham,1909:
238,239_original.jpg,Birmingham,1918:
239,240_original.jpg,Birmingham,1985:
240,241_original.jpg,London,1841:
241,242_original.jpg,Birmingham,1912:
242,243_original.jpg,Birmingham,1908:
243,244_original.jpg,Sheffield,1914:
244,245_original.jpg,Sheffield,1915:
245,246_original.jpg,London,1975:
246,247_original.jpg,Sheffield,1928:
247,248_original.jpg,Sheffield,1928:
248,249_original.jpg,Birmingham,1910:
249,250_original.jpg,Birmingham,1899:
250,251_original.jpg,Birmingham,1948:
251,252_original.jpg,London,1909:
252,253_original.jpg,Birmingham,1989:
253,254_original.jpg,Birmingham,1939:
254,255_original.jpg,London,1909:
255,256_original.jpg,Birmingham,1948:
256,257_original.jpg,Birmingham,1927:
257,258_original.jpg,Birmingham,1912:
258,259_original.jpg,London,1899:
259,260_original.jpg,Birmingham,1973:
260,261_original.jpg,Birmingham,1890:
261,262_original.jpg,Birmingham,1902:
262,263_original.jpg,Birmingham,1903:
263,264_original.jpg,London,1976:
264,265_original.jpg,London,1975:
265,266_original.jpg,Birmingham,1902:
266,267_original.jpg,Birmingham,1958:
267,268_original.jpg,London,1905:
268,269_original.jpg,London,1975:
269,270_original.jpg,London,1976:
270,271_original.jpg,London,1976:
271,272_original.jpg,London,1907:
272,273_original.jpg,Birmingham,1936:
273,274_original.jpg,Birmingham,1936:
274,275_original.jpg,London,1865:
275,276_original.jpg,London,1988:
276,277_original.jpg,Sheffield,1927:
277,278_original.jpg,Sheffield,1927:
278,279_original.jpg,Sheffield,1972:
279,280_original.jpg,Sheffield,1924:
280,281_original.jpg,Birmingham,1915:
281,282_original.jpg,Birmingham,1932:
282,N1_1_original.jpg,Sheffield,1960
283,N10_10_original.jpg,Birmingham,1919
284,N100_100_original.jpg,London,1914
285,N101_101_original.jpg,London,1889
286,N102_102_original.jpg,Newcastle,1798
287,N103_103_original.jpg,London,1894
288,N104_104_original.jpg,London,1899
289,N105_105_original.jpg,Edinburgh,1906
290,N106_106_original.jpg,London,1906
291,N107_107_original.jpg,London,1906
292,N108_108_original.jpg,London,1903
293,N109_109_original.jpg,Birmingham,1901
294,N11_11_original.jpg,Birmingham,1917
295,N110_110_original.jpg,Sheffield,1920
296,N111_111_original.jpg,Sheffield,1909
297,N112_112_original.jpg,Glasgow,1918
298,N113_113_original.jpg,London,1895
299,N114_114_original.jpg,Sheffield,1906
300,N115_115_original.jpg,Birmingham,1936
301,N116_116_original.jpg,London,1912
302,N117_117_original.jpg,London,1864
303,N118_118_original.jpg,Sheffield,1926
304,N119_119_original.jpg,Birmingham,1926
305,N12_12_original.jpg,Birmingham,1924
306,N120_120_original.jpg,London,1889
307,N121_121_original.jpg,London,1900
308,N122_122_original.jpg,Birmingham,1909
309,N123_123_original.jpg,London,1923
310,N124_124_original.jpg,London,1882
311,N125_125_original.jpg,Birmingham,1934
312,N126_126_original.jpg,Birmingham,1921
313,N127_127_original.jpg,London,1908
314,N128_128_original.jpg,Sheffield,1935
315,N129_129_original.jpg,Dublin,1902
316,N13_13_original.jpg,Birmingham,1922
317,N130_130_original.jpg,London,1930
318,N131_131_original.jpg,Birmingham,1922
319,N132_132_original.jpg,London,1910
320,N133_133_original.jpg,Sheffield,1904
321,N134_134_original.jpg,Sheffield,1921
322,N135_135_original.jpg,Sheffield,1910
323,N136_136_original.jpg,Birmingham,1927
324,N137_137_original.jpg,London,1921
325,N138_138_original.jpg,London,1839
326,N139_139_original.jpg,Birmingham,1909
327,N14_14_original.jpg,London,1915
328,N140_140_original.jpg,London,1905
329,N141_141_original.jpg,London,1861
330,N142_142_original.jpg,London,1934
331,N143_143_original.jpg,Sheffield,1938
332,N144_144_original.jpg,London,1921
333,N145_145_original.jpg,Sheffield,1876
334,N146_146_original.jpg,London,1930
335,N147_147_original.jpg,London,1925
336,N148_148_original.jpg,London,1906
337,N149_149_original.jpg,London,1908
338,N15_15_original.jpg,Birmingham,1936
339,N150_150_original.jpg,London,1908
340,N151_151_original.jpg,London,1901
341,N152_152_original.jpg,Sheffield,1901
342,N153_153_original.jpg,Sheffield,1905
343,N154_154_original.jpg,London,1794
344,N155_155_original.jpg,London,1805
345,N156_156_original.jpg,London,1905
346,N157_157_original.jpg,Sheffield,1929
347,N158_158_original.jpg,Sheffield,1927
348,N159_159_original.jpg,Glasgow,1927
349,N16_16_original.jpg,Sheffield,1967
350,N160_160_original.jpg,Sheffield,1922
351,N161_161_original.jpg,Birmingham,1949
352,N162_162_original.jpg,Sheffield,1892
353,N163_163_original.jpg,Sheffield,1921
354,N164_164_original.jpg,Birmingham,1908
355,N165_165_original.jpg,Birmingham,1935
356,N166_166_original.jpg,London,1802
357,N167_167_original.jpg,London,1879
358,N168_168_original.jpg,Birmingham,1932
359,N169_169_original.jpg,Sheffield,1888
360,N17_17_original.jpg,London,1949
361,N170_170_original.jpg,Sheffield,1895
362,N171_171_original.jpg,London,1888
363,N172_172_original.jpg,Birmingham,1928
364,N173_173_original.jpg,Birmingham,1896
365,N174_174_horiginal.jpg,Birmingham,1907
366,N175_175_original.jpg,London,1905
367,N176_176_original.jpg,Birmingham,1936
368,N177_177_original.jpg,Chester,1902
369,N178_178_original.jpg,London,1899
370,N179_179_original.jpg,Sheffield,1945
371,N18_18_original.jpg,London,1964
372,N180_180_original.jpg,London,1825
373,N181_181_original.jpg,London,1844
374,N182_182_original.jpg,London,1860
375,N183_183_original.jpg,London,1866
376,N184_184_original.jpg,London,1799
377,N185_185_original.jpg,London,1821
378,N186_186_original.jpg,London,1858
379,N187_187_original.jpg,Sheffield,1898
380,N188_188_original.jpg,London,1883
381,N189_189_original.jpg,Sheffield,1901
382,N19_19_original.jpg,Birmingham,1952
383,N190_190_original.jpg,Sheffield,1886
384,N191_191_original.jpg,London,1883
385,N192_192_original.jpg,London,1903
386,N193_193_original.jpg,Sheffield,1934
387,N194_194_original.jpg,Sheffield,1966
388,N195_195_original.jpg,London,1912
389,N196_196_original.jpg,Sheffield,1909
390,N197_197_original.jpg,London,1861
391,N198_198_original.jpg,Birmingham,1834
392,N199_199_original.jpg,London,1816
393,N2_2_original.jpg,Birmingham,1912
394,N20_20_original.jpg,Birmingham,1937
395,N200_200_original.jpg,Sheffield,1852
396,N201_201_original.jpg,Sheffield,1893
397,N202_202_original.jpg,Sheffield,1937
398,N203_203_original.jpg,Sheffield,1904
399,N204_204_original.jpg,Sheffield,1916
400,N205_205_original.jpg,London,1928
401,N206_206_original.jpg,Sheffield,1925
402,N207_207_original.jpg,Sheffield,1931
403,N208_208_original.jpg,Sheffield,1904
404,N209_209_original.jpg,London,1894
405,N21_21_original.jpg,London,1925
406,N210_210_original.jpg,Glasgow,1877
407,N211_211_original.jpg,London,1790
408,N212_212_original.jpg,London,1821
409,N213_213_original.jpg,London,1813
410,N214_214_original.jpg,London,1847
411,N215_215_original.jpg,London,1825
412,N216_216_original.jpg,Sheffield,1905
413,N217_217_original.jpg,Birmingham,1936
414,N218_218_original.jpg,London,1889
415,N219_219_original.jpg,Birmingham,1900
416,N22_22_original.jpg,London,1799
417,N220_220_original.jpg,London,1876
418,N221_221_original.jpg,London,1972
419,N222_222_original.jpg,London,1904
420,N223_223_original.jpg,London,1889
421,N224_224_original.jpg,Sheffield,1896
422,N225_225_original.jpg,Chester,1903
423,N226_226_original.jpg,Chester,1894
424,N227_227_original.jpg,Sheffield,1903
425,N228_228_original.jpg,London,1910
426,N229_229_original.jpg,Sheffield,1918
427,N23_23_original.jpg,London,1808
428,N230_230_original.jpg,Birmingham,1938
429,N231_231_original.jpg,London,1813
430,N232_232_original.jpg,London,1792
431,N233_233_original.jpg,London,1789
432,N234_234_original.jpg,London,1836
433,N235_235_original.jpg,London,1806
434,N236_236_original.jpg,London,1792
435,N237_237_original.jpg,London,1791
436,N238_238_original.jpg,Edinburgh,1901
437,N239_239_original.jpg,London,1905
438,N24_24_original.jpg,London,1811
439,N240_240_original.jpg,Sheffield,1919
440,N241_241_original.jpg,Birmingham,1896
441,N242_242_original.jpg,Edinburgh,1894
442,N243_243_original.jpg,London,1730
443,N244_244_original.jpg,London,1794
444,N245_245_original.jpg,LOndon,1790
445,N246_246_original.jpg,London,1800
446,N247_247_original.jpg,London,1802
447,N248_248_original.jpg,London,1791
448,N249_249_original.jpg,London,1787
449,N25_25_original.jpg,London,1816
450,N250_250_original.jpg,London,1797
451,N251_251_original.jpg,Edinburgh,1797
452,N252_252_original.jpg,London,1795
453,N253_253_original.jpg,London,1780
454,N254_254_original.jpg,London,1837
455,N255_255_original.jpg,LOndon,1860
456,N256_256_original.jpg,London,1828
457,N257_257_original.jpg,London,1785
458,N258_258_original.jpg,London,1797
459,N259_259_original.jpg,London,1816
460,N26_26_original.jpg,London,1801
461,N260_260_original.jpg,London,1803
462,N261_261_original.jpg,London,1828
463,N262_262_original.jpg,London,1789
464,N263_263_original.jpg,London,1802
465,N264_264_original.jpg,London,1780
466,N265_265_original.jpg,London,1885
467,N266_266_original.jpg,London,1868
468,N267_267_original.jpg,London,1804
469,N268_268_original.jpg,London,1824
470,N269_269_original.jpg,Sheffield,1942
471,N27_27_original.jpg,London,1802
472,N270_270_original.jpg,Sheffield,1909
473,N271_271_original.jpg,London,1905
474,N272_272_original.jpg,Chester,1934
475,N273_273_original.jpg,London,1819
476,N274_274_original.jpg,London,1908
477,N275_275_original.jpg,Sheffield,1922
478,N276_276_original.jpg,Sheffield,1906
479,N277_277_original.jpg,Glasgow,1928
480,N278_278_original.jpg,Birmingham,1929
481,N279_279_original.jpg,London,1794
482,N28_28_original.jpg,Edinburgh,1893
483,N280_280_original.jpg,London,1794
484,N281_281_original.jpg,Exeter,1801
485,N282_282_original.jpg,London,1899
486,N283_283_original.jpg,London,1789
487,N284_284_original.jpg,London,1921
488,N285_285_original.jpg,Chester,1933
489,N286_286_original.jpg,London,1926
490,N287_287_original.jpg,Birmingham,1902
491,N288_288_original.jpg,London,1900
492,N289_289_original.jpg,Birmingham,1904
493,N29_29_original.jpg,Sheffield,1936
494,N290_290_original.jpg,Chester,1897
495,N3_3_original.jpg,Sheffield,1828
496,N30_30_original.jpg,Birmingham,1933
497,N31_31_original.jpg,London,1873
498,N32_32_original.jpg,London,1895
499,N33_33_original.jpg,London,1871
500,N34_34_original.jpg,London,1975
501,N35_35_original.jpg,London,1754
502,N36_36_original.jpg,Edinburgh,1837
503,N37_37_original.jpg,London,1869
504,N38_38_original.jpg,London,1850
505,N39_39_original.jpg,London,1896
506,N4_4_original.jpg,London,1924
507,N40_40_original.jpg,London,1784
508,N41_41_original.jpg,Sheffield,1844
509,N42_42_original.jpg,Birmingham,1918
510,N43_43_original.jpg,London,1820
511,N44_44_original.jpg,London,1971
512,N45_45_original.jpg,London,1791
513,N46_46_original.jpg,London,1823
514,N47_47_original.jpg,London,1939
515,N48_48_original.jpg,Edinburgh,1811
516,N49_49_original.jpg,Sheffield,1872
517,N5_5_original.jpg,Chester,1921
518,N50_50_original.jpg,London,1765
519,N51_51_original.jpg,London,1915
520,N52_52_original.jpg,London,1973
521,N53_53_original.jpg,London,1960
522,N54_54_original.jpg,Birmingham,1988
523,N55_55_original.jpg,London,1808
524,N56_56_original.jpg,London,1772
525,N57_57_original.jpg,London,1913
526,N58_58_original.jpg,London,1797
527,N59_59_original.jpg,London,1804
528,N6_6_original.jpg,London,1914
529,N60_60_original.jpg,Sheffield,1814
530,N61_61_original.jpg,Sheffield,1776
531,N62_62_original.jpg,London,1775
532,N63_63_original.jpg,London,1897
533,N64_64_original.jpg,Birmingham,1908
534,N65_65_original.jpg,London,1893
535,N66_66_original.jpg,Birmingham,1925
536,N67_67_original.jpg,Birmingham,1907
537,N68_68_original.jpg,London,1894
538,N69_69_original.jpg,London,1931
539,N7_7_original.jpg,Birmingham,1924
540,N70_70_original.jpg,Sheffield,1904
541,N71_71_original.jpg,Birmingham,1901
542,N72_72_original.jpg,London,1892
543,N73_73_original.jpg,Birmingham,1885
544,N74_74_original.jpg,London,1890
545,N75_75_original.jpg,Dublin,1903
546,N76_76_original.jpg,London,1900
547,N77_77_original.jpg,London,1894
548,N78_78_original.jpg,Sheffield,1921
549,N79_79_original.jpg,Sheffield,1904
550,N8_8_original.jpg,London,1899
551,N80_80_original.jpg,Sheffield,1897
552,N81_81_original.jpg,Birmingham,1901
553,N82_82_original.jpg,Sheffield,1895
554,N83_83_original.jpg,Sheffield,1906
555,N84_84_original.jpg,London,1901
556,N85_85_original.jpg,Birmingham,1911
557,N86_86_original.jpg,Sheffield,1892
558,N87_87_original.jpg,Sheffield,1919
559,N88_88_original.jpg,London,1910
560,N89_89_original.jpg,Birmingham,1902
561,N9_9_original.jpg,Sheffield,1887
562,N90_90_original.jpg,Birmingham,1918
563,N91_91_original.jpg,London,1905
564,N92_92_original.jpg,London,1897
565,N93_93_original.jpg,Birmingham,1938
566,N94_94_original.jpg,Chester,1918
567,N95_95_original.jpg,Chester,1902
568,N96_96_original.jpg,London,1898
569,N97_97_original.jpg,London,1901
570,N98_98_original.jpg,London,1889
571,N99_99_original.jpg,London,1887
