,Unnamed: 0,ImageName,city,image_name
0,0.0,1_original.jpg,birmingham,
1,1.0,2_original.jpg,birmingham,
2,2.0,3_original.jpg,birmingham,
3,3.0,4_original.jpg,sheffield,
4,4.0,5_original.jpg,birmingham,
5,5.0,6_original.jpg,chester,
6,6.0,7_original.jpg,chester,
7,7.0,8_original.jpg,birmingham,
8,8.0,9_original.jpg,sheffield,
9,9.0,10_original.jpg,birmingham,
10,10.0,11_original.jpg,birmingham,
11,11.0,12_original.jpg,london,
12,12.0,13_original.jpg,sheffield,
13,13.0,14_original.jpg,birmingham,
14,14.0,15_original.jpg,birmingham,
15,15.0,16_original.jpg,london,
16,16.0,17_original.jpg,london,
17,17.0,18_original.jpg,london,
18,18.0,19_original.jpg,sheffield,
19,19.0,20_original.jpg,birmingham,
20,20.0,21_original.jpg,birmingham,
21,21.0,22_original.jpg,london,
22,22.0,23_original.jpg,london,
23,23.0,24_original.jpg,london,
24,24.0,25_original.jpg,london,
25,25.0,26_original.jpg,london,
26,26.0,27_original.jpg,birmingham,
27,27.0,28_original.jpg,london,
28,28.0,29_original.jpg,sheffield,
29,29.0,30_original.jpg,birmingham,
30,30.0,31_original.jpg,london,
31,31.0,32_original.jpg,london,
32,32.0,33_original.jpg,london,
33,33.0,34_original.jpg,london,
34,34.0,35_original.jpg,london,
35,35.0,36_original.jpg,sheffield,
36,36.0,37_original.jpg,birmingham,
37,37.0,38_original.jpg,london,
38,38.0,39_original.jpg,sheffield,
39,39.0,40_original.jpg,birmingham,
40,40.0,41_original.jpg,london,
41,41.0,42_original.jpg,sheffield,
42,42.0,43_original.jpg,london,
43,43.0,44_original.jpg,birmingham,
44,44.0,45_original.jpg,sheffield,
45,45.0,46_original.jpg,london,
46,46.0,47_original.jpg,birmingham,
47,47.0,48_original.jpg,birmingham,
48,48.0,49_original.jpg,birmingham,
49,49.0,50_original.jpg,birmingham,
50,50.0,51_original.jpg,birmingham,
51,51.0,52_original.jpg,birmingham,
52,52.0,53_original.jpg,birmingham,
53,53.0,54_original.jpg,birmingham,
54,54.0,55_original.jpg,birmingham,
55,55.0,56_original.jpg,birmingham,
56,56.0,57_original.jpg,birmingham,
57,57.0,58_original.jpg,birmingham,
58,58.0,59_original.jpg,birmingham,
59,59.0,60_original.jpg,birmingham,
60,60.0,61_original.jpg,birmingham,
61,61.0,62_original.jpg,birmingham,
62,62.0,63_original.jpg,birmingham,
63,63.0,64_original.jpg,birmingham,
64,64.0,65_original.jpg,birmingham,
65,65.0,66_original.jpg,birmingham,
66,66.0,67_original.jpg,birmingham,
67,67.0,68_original.jpg,birmingham,
68,68.0,69_original.jpg,birmingham,
69,69.0,70_original.jpg,birmingham,
70,70.0,71_original.jpg,london,
71,71.0,72_original.jpg,birmingham,
72,72.0,73_original.jpg,birmingham,
73,73.0,74_original.jpg,birmingham,
74,74.0,75_original.jpg,birmingham,
75,75.0,76_original.jpg,birmingham,
76,76.0,77_original.jpg,london,
77,77.0,78_original.jpg,london,
78,78.0,79_original.jpg,sheffield,
79,79.0,80_original.jpg,birmingham,
80,80.0,81_original.jpg,chester,
81,81.0,82_original.jpg,birmingham,
82,82.0,83_original.jpg,london,
83,83.0,84_original.jpg,london,
84,84.0,85_original.jpg,london,
85,85.0,86_original.jpg,birmingham,
86,86.0,87_original.jpg,london,
87,87.0,88_original.jpg,chester,
88,88.0,89_original.jpg,birmingham,
89,89.0,90_original.jpg,london,
90,90.0,91_original.jpg,birmingham,
91,91.0,92_original.jpg,birmingham,
92,92.0,93_original.jpg,birmingham,
93,93.0,94_original.jpg,london,
94,94.0,95_original.jpg,birmingham,
95,95.0,96_original.jpg,sheffield,
96,96.0,97_original.jpg,sheffield,
97,97.0,98_original.jpg,birmingham,
98,98.0,99_original.jpg,london,
99,99.0,100_original.jpg,london,
100,100.0,101_original.jpg,london,
101,101.0,102_original.jpg,dublin,
102,102.0,103_original.jpg,london,
103,103.0,104_original.jpg,edinburgh,
104,104.0,105_original.jpg,sheffield,
105,105.0,106_original.jpg,chester,
106,106.0,107_original.jpg,london,
107,107.0,108_original.jpg,birmingham,
108,108.0,109_original.jpg,sheffield,
109,109.0,110_original.jpg,london,
110,110.0,111_original.jpg,london,
111,111.0,112_original.jpg,sheffield,
112,112.0,113_original.jpg,sheffield,
113,113.0,114_original.jpg,sheffield,
114,114.0,115_original.jpg,birmingham,
115,115.0,116_original.jpg,birmingham,
116,116.0,117_original.jpg,birmingham,
117,117.0,118_original.jpg,birmingham,
118,118.0,119_original.jpg,birmingham,
119,119.0,120_original.jpg,newcastle,
120,120.0,121_original.jpg,newcastle,
121,121.0,122_original.jpg,chester,
122,122.0,123_original.jpg,birmingham,
123,123.0,124_original.jpg,birmingham,
124,124.0,125_original.jpg,birmingham,
125,125.0,126_original.jpg,birmingham,
126,126.0,127_original.jpg,london,
127,127.0,128_original.jpg,birmingham,
128,128.0,129_original.jpg,birmingham,
129,129.0,130_original.jpg,london,
130,130.0,131_original.jpg,chester,
131,131.0,132_original.jpg,london,
132,132.0,133_original.jpg,birmingham,
133,133.0,134_original.jpg,birmingham,
134,134.0,135_original.jpg,london,
135,135.0,136_original.jpg,birmingham,
136,136.0,137_original.jpg,birmingham,
137,137.0,138_original.jpg,birmingham,
138,138.0,139_original.jpg,birmingham,
139,139.0,140_original.jpg,glasgow,
140,140.0,141_original.jpg,glasgow,
141,141.0,142_original.jpg,birmingham,
142,142.0,143_original.jpg,london,
143,143.0,144_original.jpg,birmingham,
144,144.0,145_original.jpg,london,
145,145.0,146_original.jpg,birmingham,
146,146.0,147_original.jpg,london,
147,147.0,148_original.jpg,london,
148,148.0,149_original.jpg,london,
149,149.0,150_original.jpg,london,
150,150.0,151_original.jpg,london,
151,151.0,152_original.jpg,london,
152,152.0,153_original.jpg,london,
153,153.0,154_original.jpg,london,
154,154.0,155_original.jpg,london,
155,155.0,156_original.jpg,london,
156,156.0,157_original.jpg,london,
157,157.0,158_original.jpg,london,
158,158.0,159_original.jpg,london,
159,159.0,160_original.jpg,sheffield,
160,160.0,161_original.jpg,london,
161,161.0,162_original.jpg,london,
162,162.0,163_original.jpg,london,
163,163.0,164_original.jpg,london,
164,164.0,165_original.jpg,london,
165,165.0,166_original.jpg,london,
166,166.0,167_original.jpg,london,
167,167.0,168_original.jpg,birmingham,
168,168.0,169_original.jpg,birmingham,
169,169.0,170_original.jpg,london,
170,170.0,171_original.jpg,london,
171,171.0,172_original.jpg,sheffield,
172,172.0,173_original.jpg,birmingham,
173,173.0,174_original.jpg,birmingham,
174,174.0,175_original.jpg,birmingham,
175,175.0,176_original.jpg,birmingham,
176,176.0,177_original.jpg,sheffield,
177,177.0,178_original.jpg,sheffield,
178,178.0,179_original.jpg,london,
179,179.0,180_original.jpg,sheffield,
180,180.0,181_original.jpg,london,
181,181.0,182_original.jpg,london,
182,182.0,183_original.jpg,sheffield,
183,183.0,184_original.jpg,london,
184,184.0,185_original.jpg,birmingham,
185,185.0,186_original.jpg,birmingham,
186,186.0,187_original.jpg,sheffield,
187,187.0,188_original.jpg,sheffield,
188,188.0,189_original.jpg,london,
189,189.0,190_original.jpg,sheffield,
190,190.0,191_original.jpg,birmingham,
191,191.0,192_original.jpg,birmingham,
192,192.0,193_original.jpg,birmingham,
193,193.0,194_original.jpg,london,
194,194.0,195_original.jpg,sheffield,
195,195.0,196_original.jpg,birmingham,
196,196.0,197_original.jpg,sheffield,
197,197.0,198_original.jpg,sheffield,
198,198.0,199_original.jpg,edinburgh,
199,199.0,200_original.jpg,birmingham,
200,200.0,201_original.jpg,birmingham,
201,201.0,202_original.jpg,london,
202,202.0,203_original.jpg,london,
203,203.0,204_original.jpg,sheffield,
204,204.0,205_original.jpg,london,
205,205.0,206_original.jpg,london,
206,206.0,207_original.jpg,sheffield,
207,207.0,208_original.jpg,london,
208,208.0,209_original.jpg,birmingham,
209,209.0,210_original.jpg,birmingham,
210,210.0,211_original.jpg,sheffield,
211,211.0,212_original.jpg,birmingham,
212,212.0,213_original.jpg,sheffield,
213,213.0,214_original.jpg,london,
214,214.0,215_original.jpg,london,
215,215.0,216_original.jpg,birmingham,
216,216.0,217_original.jpg,sheffield,
217,217.0,218_original.jpg,london,
218,218.0,219_original.jpg,birmingham,
219,219.0,220_original.jpg,birmingham,
220,220.0,221_original.jpg,london,
221,221.0,222_original.jpg,london,
222,222.0,223_original.jpg,london,
223,223.0,224_original.jpg,london,
224,224.0,225_original.jpg,birmingham,
225,225.0,226_original.jpg,birmingham,
226,226.0,227_original.jpg,london,
227,227.0,228_original.jpg,london,
228,228.0,229_original.jpg,london,
229,229.0,230_original.jpg,london,
230,230.0,231_original.jpg,sheffield,
231,231.0,232_original.jpg,london,
232,232.0,233_original.jpg,london,
233,233.0,234_original.jpg,london,
234,234.0,235_original.jpg,london,
235,235.0,236_original.jpg,london,
236,236.0,237_original.jpg,birmingham,
237,237.0,238_original.jpg,birmingham,
238,238.0,239_original.jpg,birmingham,
239,239.0,240_original.jpg,birmingham,
240,240.0,241_original.jpg,london,
241,241.0,242_original.jpg,birmingham,
242,242.0,243_original.jpg,birmingham,
243,243.0,244_original.jpg,sheffield,
244,244.0,245_original.jpg,sheffield,
245,245.0,246_original.jpg,london,
246,246.0,247_original.jpg,sheffield,
247,247.0,248_original.jpg,sheffield,
248,248.0,249_original.jpg,birmingham,
249,249.0,250_original.jpg,birmingham,
250,250.0,251_original.jpg,birmingham,
251,251.0,252_original.jpg,london,
252,252.0,253_original.jpg,birmingham,
253,253.0,254_original.jpg,birmingham,
254,254.0,255_original.jpg,london,
255,255.0,256_original.jpg,birmingham,
256,256.0,257_original.jpg,birmingham,
257,257.0,258_original.jpg,birmingham,
258,258.0,259_original.jpg,london,
259,259.0,260_original.jpg,birmingham,
260,260.0,261_original.jpg,birmingham,
261,261.0,262_original.jpg,birmingham,
262,262.0,263_original.jpg,birmingham,
263,263.0,264_original.jpg,london,
264,264.0,265_original.jpg,london,
265,265.0,266_original.jpg,birmingham,
266,266.0,267_original.jpg,birmingham,
267,267.0,268_original.jpg,london,
268,268.0,269_original.jpg,london,
269,269.0,270_original.jpg,london,
270,270.0,271_original.jpg,london,
271,271.0,272_original.jpg,london,
272,272.0,273_original.jpg,birmingham,
273,273.0,274_original.jpg,birmingham,
274,274.0,275_original.jpg,london,
275,275.0,276_original.jpg,london,
276,276.0,277_original.jpg,sheffield,
277,277.0,278_original.jpg,sheffield,
278,278.0,279_original.jpg,sheffield,
279,279.0,280_original.jpg,sheffield,
280,280.0,281_original.jpg,birmingham,
281,281.0,282_original.jpg,birmingham,
282,282.0,N1_1_original.jpg,sheffield,
283,283.0,N10_10_original.jpg,birmingham,
284,284.0,N100_100_original.jpg,london,
285,285.0,N101_101_original.jpg,london,
286,286.0,N102_102_original.jpg,newcastle,
287,287.0,N103_103_original.jpg,london,
288,288.0,N104_104_original.jpg,london,
289,289.0,N105_105_original.jpg,edinburgh,
290,290.0,N106_106_original.jpg,london,
291,291.0,N107_107_original.jpg,london,
292,292.0,N108_108_original.jpg,london,
293,293.0,N109_109_original.jpg,birmingham,
294,294.0,N11_11_original.jpg,birmingham,
295,295.0,N110_110_original.jpg,sheffield,
296,296.0,N111_111_original.jpg,sheffield,
297,297.0,N112_112_original.jpg,glasgow,
298,298.0,N113_113_original.jpg,london,
299,299.0,N114_114_original.jpg,sheffield,
300,300.0,N115_115_original.jpg,birmingham,
301,301.0,N116_116_original.jpg,london,
302,302.0,N117_117_original.jpg,london,
303,303.0,N118_118_original.jpg,sheffield,
304,304.0,N119_119_original.jpg,birmingham,
305,305.0,N12_12_original.jpg,birmingham,
306,306.0,N120_120_original.jpg,london,
307,307.0,N121_121_original.jpg,london,
308,308.0,N122_122_original.jpg,birmingham,
309,309.0,N123_123_original.jpg,london,
310,310.0,N124_124_original.jpg,london,
311,311.0,N125_125_original.jpg,birmingham,
312,312.0,N126_126_original.jpg,birmingham,
313,313.0,N127_127_original.jpg,london,
314,314.0,N128_128_original.jpg,sheffield,
315,315.0,N129_129_original.jpg,dublin,
316,316.0,N13_13_original.jpg,birmingham,
317,317.0,N130_130_original.jpg,london,
318,318.0,N131_131_original.jpg,birmingham,
319,319.0,N132_132_original.jpg,london,
320,320.0,N133_133_original.jpg,sheffield,
321,321.0,N134_134_original.jpg,sheffield,
322,322.0,N135_135_original.jpg,sheffield,
323,323.0,N136_136_original.jpg,birmingham,
324,324.0,N137_137_original.jpg,london,
325,325.0,N138_138_original.jpg,london,
326,326.0,N139_139_original.jpg,birmingham,
327,327.0,N14_14_original.jpg,london,
328,328.0,N140_140_original.jpg,london,
329,329.0,N141_141_original.jpg,london,
330,330.0,N142_142_original.jpg,london,
331,331.0,N143_143_original.jpg,sheffield,
332,332.0,N144_144_original.jpg,london,
333,333.0,N145_145_original.jpg,sheffield,
334,334.0,N146_146_original.jpg,london,
335,335.0,N147_147_original.jpg,london,
336,336.0,N148_148_original.jpg,london,
337,337.0,N149_149_original.jpg,london,
338,338.0,N15_15_original.jpg,birmingham,
339,339.0,N150_150_original.jpg,london,
340,340.0,N151_151_original.jpg,london,
341,341.0,N152_152_original.jpg,sheffield,
342,342.0,N153_153_original.jpg,sheffield,
343,343.0,N154_154_original.jpg,london,
344,344.0,N155_155_original.jpg,london,
345,345.0,N156_156_original.jpg,london,
346,346.0,N157_157_original.jpg,sheffield,
347,347.0,N158_158_original.jpg,sheffield,
348,348.0,N159_159_original.jpg,glasgow,
349,349.0,N16_16_original.jpg,sheffield,
350,350.0,N160_160_original.jpg,sheffield,
351,351.0,N161_161_original.jpg,birmingham,
352,352.0,N162_162_original.jpg,sheffield,
353,353.0,N163_163_original.jpg,sheffield,
354,354.0,N164_164_original.jpg,birmingham,
355,355.0,N165_165_original.jpg,birmingham,
356,356.0,N166_166_original.jpg,london,
357,357.0,N167_167_original.jpg,london,
358,358.0,N168_168_original.jpg,birmingham,
359,359.0,N169_169_original.jpg,sheffield,
360,360.0,N17_17_original.jpg,london,
361,361.0,N170_170_original.jpg,sheffield,
362,362.0,N171_171_original.jpg,london,
363,363.0,N172_172_original.jpg,birmingham,
364,364.0,N173_173_original.jpg,birmingham,
365,365.0,N174_174_horiginal.jpg,birmingham,
366,366.0,N175_175_original.jpg,london,
367,367.0,N176_176_original.jpg,birmingham,
368,368.0,N177_177_original.jpg,chester,
369,369.0,N178_178_original.jpg,london,
370,370.0,N179_179_original.jpg,sheffield,
371,371.0,N18_18_original.jpg,london,
372,372.0,N180_180_original.jpg,london,
373,373.0,N181_181_original.jpg,london,
374,374.0,N182_182_original.jpg,london,
375,375.0,N183_183_original.jpg,london,
376,376.0,N184_184_original.jpg,london,
377,377.0,N185_185_original.jpg,london,
378,378.0,N186_186_original.jpg,london,
379,379.0,N187_187_original.jpg,sheffield,
380,380.0,N188_188_original.jpg,london,
381,381.0,N189_189_original.jpg,sheffield,
382,382.0,N19_19_original.jpg,birmingham,
383,383.0,N190_190_original.jpg,sheffield,
384,384.0,N191_191_original.jpg,london,
385,385.0,N192_192_original.jpg,london,
386,386.0,N193_193_original.jpg,sheffield,
387,387.0,N194_194_original.jpg,sheffield,
388,388.0,N195_195_original.jpg,london,
389,389.0,N196_196_original.jpg,sheffield,
390,390.0,N197_197_original.jpg,london,
391,391.0,N198_198_original.jpg,birmingham,
392,392.0,N199_199_original.jpg,london,
393,393.0,N2_2_original.jpg,birmingham,
394,394.0,N20_20_original.jpg,birmingham,
395,395.0,N200_200_original.jpg,sheffield,
396,396.0,N201_201_original.jpg,sheffield,
397,397.0,N202_202_original.jpg,sheffield,
398,398.0,N203_203_original.jpg,sheffield,
399,399.0,N204_204_original.jpg,sheffield,
400,400.0,N205_205_original.jpg,london,
401,401.0,N206_206_original.jpg,sheffield,
402,402.0,N207_207_original.jpg,sheffield,
403,403.0,N208_208_original.jpg,sheffield,
404,404.0,N209_209_original.jpg,london,
405,405.0,N21_21_original.jpg,london,
406,406.0,N210_210_original.jpg,glasgow,
407,407.0,N211_211_original.jpg,london,
408,408.0,N212_212_original.jpg,london,
409,409.0,N213_213_original.jpg,london,
410,410.0,N214_214_original.jpg,london,
411,411.0,N215_215_original.jpg,london,
412,412.0,N216_216_original.jpg,sheffield,
413,413.0,N217_217_original.jpg,birmingham,
414,414.0,N218_218_original.jpg,london,
415,415.0,N219_219_original.jpg,birmingham,
416,416.0,N22_22_original.jpg,london,
417,417.0,N220_220_original.jpg,london,
418,418.0,N221_221_original.jpg,london,
419,419.0,N222_222_original.jpg,london,
420,420.0,N223_223_original.jpg,london,
421,421.0,N224_224_original.jpg,sheffield,
422,422.0,N225_225_original.jpg,chester,
423,423.0,N226_226_original.jpg,chester,
424,424.0,N227_227_original.jpg,sheffield,
425,425.0,N228_228_original.jpg,london,
426,426.0,N229_229_original.jpg,sheffield,
427,427.0,N23_23_original.jpg,london,
428,428.0,N230_230_original.jpg,birmingham,
429,429.0,N231_231_original.jpg,london,
430,430.0,N232_232_original.jpg,london,
431,431.0,N233_233_original.jpg,london,
432,432.0,N234_234_original.jpg,london,
433,433.0,N235_235_original.jpg,london,
434,434.0,N236_236_original.jpg,london,
435,435.0,N237_237_original.jpg,london,
436,436.0,N238_238_original.jpg,edinburgh,
437,437.0,N239_239_original.jpg,london,
438,438.0,N24_24_original.jpg,london,
439,439.0,N240_240_original.jpg,sheffield,
440,440.0,N241_241_original.jpg,birmingham,
441,441.0,N242_242_original.jpg,edinburgh,
442,442.0,N243_243_original.jpg,london,
443,443.0,N244_244_original.jpg,london,
444,444.0,N245_245_original.jpg,london,
445,445.0,N246_246_original.jpg,london,
446,446.0,N247_247_original.jpg,london,
447,447.0,N248_248_original.jpg,london,
448,448.0,N249_249_original.jpg,london,
449,449.0,N25_25_original.jpg,london,
450,450.0,N250_250_original.jpg,london,
451,451.0,N251_251_original.jpg,edinburgh,
452,452.0,N252_252_original.jpg,london,
453,453.0,N253_253_original.jpg,london,
454,454.0,N254_254_original.jpg,london,
455,455.0,N255_255_original.jpg,london,
456,456.0,N256_256_original.jpg,london,
457,457.0,N257_257_original.jpg,london,
458,458.0,N258_258_original.jpg,london,
459,459.0,N259_259_original.jpg,london,
460,460.0,N26_26_original.jpg,london,
461,461.0,N260_260_original.jpg,london,
462,462.0,N261_261_original.jpg,london,
463,463.0,N262_262_original.jpg,london,
464,464.0,N263_263_original.jpg,london,
465,465.0,N264_264_original.jpg,london,
466,466.0,N265_265_original.jpg,london,
467,467.0,N266_266_original.jpg,london,
468,468.0,N267_267_original.jpg,london,
469,469.0,N268_268_original.jpg,london,
470,470.0,N269_269_original.jpg,sheffield,
471,471.0,N27_27_original.jpg,london,
472,472.0,N270_270_original.jpg,sheffield,
473,473.0,N271_271_original.jpg,london,
474,474.0,N272_272_original.jpg,chester,
475,475.0,N273_273_original.jpg,london,
476,476.0,N274_274_original.jpg,london,
477,477.0,N275_275_original.jpg,sheffield,
478,478.0,N276_276_original.jpg,sheffield,
479,479.0,N277_277_original.jpg,glasgow,
480,480.0,N278_278_original.jpg,birmingham,
481,481.0,N279_279_original.jpg,london,
482,482.0,N28_28_original.jpg,edinburgh,
483,483.0,N280_280_original.jpg,london,
484,484.0,N281_281_original.jpg,exeter,
485,485.0,N282_282_original.jpg,london,
486,486.0,N283_283_original.jpg,london,
487,487.0,N284_284_original.jpg,london,
488,488.0,N285_285_original.jpg,chester,
489,489.0,N286_286_original.jpg,london,
490,490.0,N287_287_original.jpg,birmingham,
491,491.0,N288_288_original.jpg,london,
492,492.0,N289_289_original.jpg,birmingham,
493,493.0,N29_29_original.jpg,sheffield,
494,494.0,N290_290_original.jpg,chester,
495,495.0,N3_3_original.jpg,sheffield,
496,496.0,N30_30_original.jpg,birmingham,
497,497.0,N31_31_original.jpg,london,
498,498.0,N32_32_original.jpg,london,
499,499.0,N33_33_original.jpg,london,
500,500.0,N34_34_original.jpg,london,
501,501.0,N35_35_original.jpg,london,
502,502.0,N36_36_original.jpg,edinburgh,
503,503.0,N37_37_original.jpg,london,
504,504.0,N38_38_original.jpg,london,
505,505.0,N39_39_original.jpg,london,
506,506.0,N4_4_original.jpg,london,
507,507.0,N40_40_original.jpg,london,
508,508.0,N41_41_original.jpg,sheffield,
509,509.0,N42_42_original.jpg,birmingham,
510,510.0,N43_43_original.jpg,london,
511,511.0,N44_44_original.jpg,london,
512,512.0,N45_45_original.jpg,london,
513,513.0,N46_46_original.jpg,london,
514,514.0,N47_47_original.jpg,london,
515,515.0,N48_48_original.jpg,edinburgh,
516,516.0,N49_49_original.jpg,sheffield,
517,517.0,N5_5_original.jpg,chester,
518,518.0,N50_50_original.jpg,london,
519,519.0,N51_51_original.jpg,london,
520,520.0,N52_52_original.jpg,london,
521,521.0,N53_53_original.jpg,london,
522,522.0,N54_54_original.jpg,birmingham,
523,523.0,N55_55_original.jpg,london,
524,524.0,N56_56_original.jpg,london,
525,525.0,N57_57_original.jpg,london,
526,526.0,N58_58_original.jpg,london,
527,527.0,N59_59_original.jpg,london,
528,528.0,N6_6_original.jpg,london,
529,529.0,N60_60_original.jpg,sheffield,
530,530.0,N61_61_original.jpg,sheffield,
531,531.0,N62_62_original.jpg,london,
532,532.0,N63_63_original.jpg,london,
533,533.0,N64_64_original.jpg,birmingham,
534,534.0,N65_65_original.jpg,london,
535,535.0,N66_66_original.jpg,birmingham,
536,536.0,N67_67_original.jpg,birmingham,
537,537.0,N68_68_original.jpg,london,
538,538.0,N69_69_original.jpg,london,
539,539.0,N7_7_original.jpg,birmingham,
540,540.0,N70_70_original.jpg,sheffield,
541,541.0,N71_71_original.jpg,birmingham,
542,542.0,N72_72_original.jpg,london,
543,543.0,N73_73_original.jpg,birmingham,
544,544.0,N74_74_original.jpg,london,
545,545.0,N75_75_original.jpg,dublin,
546,546.0,N76_76_original.jpg,london,
547,547.0,N77_77_original.jpg,london,
548,548.0,N78_78_original.jpg,sheffield,
549,549.0,N79_79_original.jpg,sheffield,
550,550.0,N8_8_original.jpg,london,
551,551.0,N80_80_original.jpg,sheffield,
552,552.0,N81_81_original.jpg,birmingham,
553,553.0,N82_82_original.jpg,sheffield,
554,554.0,N83_83_original.jpg,sheffield,
555,555.0,N84_84_original.jpg,london,
556,556.0,N85_85_original.jpg,birmingham,
557,557.0,N86_86_original.jpg,sheffield,
558,558.0,N87_87_original.jpg,sheffield,
559,559.0,N88_88_original.jpg,london,
560,560.0,N89_89_original.jpg,birmingham,
561,561.0,N9_9_original.jpg,sheffield,
562,562.0,N90_90_original.jpg,birmingham,
563,563.0,N91_91_original.jpg,london,
564,564.0,N92_92_original.jpg,london,
565,565.0,N93_93_original.jpg,birmingham,
566,566.0,N94_94_original.jpg,chester,
567,567.0,N95_95_original.jpg,chester,
568,568.0,N96_96_original.jpg,london,
569,569.0,N97_97_original.jpg,london,
570,570.0,N98_98_original.jpg,london,
571,571.0,N99_99_original.jpg,london,
0,,im1.jpg,sheffield,
1,,im10.jpg,edinburgh,
2,,im100.jpg,exeter,
3,,im101.jpg,glasgow,
4,,im102.jpg,dublin,
5,,im103.jpg,edinburgh,
6,,im104.jpg,sheffield,
7,,im105.jpg,sheffield,
8,,im106.jpg,chester,
9,,im107.jpg,sheffield,
10,,im108.jpg,chester,
11,,im109.jpg,exeter,
12,,im11.jpg,sheffield,
13,,im110.jpg,chester,
14,,im111.jpg,chester,
15,,im112.jpg,exeter,
16,,im113.jpg,sheffield,
17,,im114.jpg,sheffield,
18,,im115.jpg,london,
19,,im116.jpg,edinburgh,
20,,im117.jpg,london,
21,,im118.jpg,london,
22,,im119.jpg,sheffield,
23,,im12.jpg,dublin,
24,,im120.jpg,birmingham,
25,,im122.jpg,birmingham,
26,,im123.jpg,birmingham,
27,,im124.jpg,sheffield,
28,,im125.jpg,sheffield,
29,,im126.jpg,sheffield,
30,,im127.jpg,sheffield,
31,,im128.jpg,london,
32,,im129.jpg,chester,
33,,im13.jpg,london,
34,,im130.jpg,sheffield,
35,,im131.jpg,london,
36,,im132.jpg,birmingham,
37,,im133.jpg,sheffield,
38,,im134.jpg,birmingham,
39,,im135.jpg,sheffield,
40,,im136.jpg,birmingham,
41,,im137.jpg,dublin,
42,,im138.jpg,glasgow,
43,,im139.jpg,glasgow,
44,,im14.jpg,glasgow,
45,,im140.jpg,chester,
46,,im141.jpg,birmingham,
47,,im142.jpg,london,
48,,im143.jpg,edinburgh,
49,,im144.jpg,london,
50,,im145.jpg,london,
51,,im146.jpg,chester,
52,,im147.jpg,sheffield,
53,,im148.jpg,sheffield,
54,,im149.jpg,birmingham,
55,,im15.jpg,edinburgh,
56,,im150.jpg,exeter,
57,,im151.jpg,sheffield,
58,,im152.jpg,glasgow,
59,,im153.jpg,sheffield,
60,,im154.jpg,edinburgh,
61,,im155.jpg,edinburgh,
62,,im156.jpg,birmingham,
63,,im157.jpg,birmingham,
64,,im158.jpg,london,
65,,im159.jpg,sheffield,
66,,im16.jpg,birmingham,
67,,im160.jpg,chester,
68,,im161.jpg,birmingham,
69,,im162.jpg,dublin,
70,,im163.jpg,london,
71,,im164.jpg,sheffield,
72,,im165.jpg,edinburgh,
73,,im166.jpg,london,
74,,im167.jpg,sheffield,
75,,im168.jpg,chester,
76,,im169.jpg,sheffield,
77,,im17.jpg,edinburgh,
78,,im170.jpg,edinburgh,
79,,im171.jpg,london,
80,,im172.jpg,london,
81,,im173.jpg,sheffield,
82,,im174.jpg,newcastle,
83,,im175.jpg,exeter,
84,,im176.jpg,birmingham,
85,,im177.jpg,sheffield,
86,,im178.jpg,sheffield,
87,,im179.jpg,london,
88,,im18.jpg,sheffield,
89,,im180.jpg,sheffield,
90,,im181.jpg,birmingham,
91,,im182.jpg,sheffield,
92,,im183.jpg,sheffield,
93,,im184.jpg,edinburgh,
94,,im185.jpg,edinburgh,
95,,im186.jpg,birmingham,
96,,im187.jpg,exeter,
97,,im188.jpg,london,
98,,im189.jpg,dublin,
99,,im19.jpg,chester,
100,,im190.jpg,chester,
101,,im191.jpg,chester,
102,,im192.jpg,sheffield,
103,,im193.jpg,london,
104,,im194.jpg,birmingham,
105,,im195.jpg,exeter,
106,,im196.jpg,sheffield,
107,,im197.jpg,birmingham,
108,,im198.jpg,chester,
109,,im199.jpg,london,
110,,im2.jpg,london,
111,,im20.jpg,chester,
112,,im200.jpg,birmingham,
113,,im201.jpg,sheffield,
114,,im202.jpg,edinburgh,
115,,im203.jpg,sheffield,
116,,im204.jpg,chester,
117,,im205.jpg,london,
118,,im206.jpg,sheffield,
119,,im207.jpg,london,
120,,im208.jpg,chester,
121,,im209.jpg,london,
122,,im21.jpg,newcastle,
123,,im210.jpg,edinburgh,
124,,im211.jpg,sheffield,
125,,im212.jpg,sheffield,
126,,im213.jpg,birmingham,
127,,im215.jpg,chester,
128,,im216.jpg,glasgow,
129,,im217.jpg,london,
130,,im218.jpg,edinburgh,
131,,im219.jpg,london,
132,,im22.jpg,exeter,
133,,im220.jpg,chester,
134,,im221.jpg,exeter,
135,,im222.jpg,chester,
136,,im223.jpg,sheffield,
137,,im224.jpg,sheffield,
138,,im225.jpg,dublin,
139,,im226.jpg,chester,
140,,im227.jpg,chester,
141,,im228.jpg,london,
142,,im229.jpg,chester,
143,,im23.jpg,london,
144,,im230.jpg,chester,
145,,im231.jpg,chester,
146,,im232.jpg,london,
147,,im233.jpg,glasgow,
148,,im234.jpg,glasgow,
149,,im235.jpg,birmingham,
150,,im236.jpg,sheffield,
151,,im237.jpg,chester,
152,,im238.jpg,exeter,
153,,im239.jpg,london,
154,,im24.jpg,london,
155,,im240.jpg,glasgow,
156,,im241.jpg,birmingham,
157,,im242.jpg,edinburgh,
158,,im243.jpg,chester,
159,,im244.jpg,dublin,
160,,im245.jpg,birmingham,
161,,im246.jpg,birmingham,
162,,im247.jpg,birmingham,
163,,im248.jpg,sheffield,
164,,im249.jpg,glasgow,
165,,im25.jpg,birmingham,
166,,im250.jpg,birmingham,
167,,im251.jpg,london,
168,,im252.jpg,london,
169,,im253.jpg,sheffield,
170,,im254.jpg,sheffield,
171,,im255.jpg,london,
172,,im256.jpg,london,
173,,im258.jpg,edinburgh,
174,,im259.jpg,edinburgh,
175,,im26.jpg,birmingham,
176,,im260.jpg,exeter,
177,,im261.jpg,chester,
178,,im262.jpg,chester,
179,,im263.jpg,london,
180,,im264.jpg,dublin,
181,,im265.jpg,sheffield,
182,,im266.jpg,edinburgh,
183,,im267.jpg,london,
184,,im268.jpg,sheffield,
185,,im269.jpg,sheffield,
186,,im27.jpg,edinburgh,
187,,im270.jpg,birmingham,
188,,im271.jpg,chester,
189,,im272.jpg,london,
190,,im273.jpg,glasgow,
191,,im274.jpg,birmingham,
192,,im275.jpg,chester,
193,,im276.jpg,sheffield,
194,,im277.jpg,sheffield,
195,,im278.jpg,sheffield,
196,,im279.jpg,sheffield,
197,,im28.jpg,edinburgh,
198,,im280.jpg,london,
199,,im281.jpg,chester,
200,,im282.jpg,sheffield,
201,,im283.jpg,newcastle,
202,,im284.jpg,sheffield,
203,,im285.jpg,sheffield,
204,,im286.jpg,birmingham,
205,,im287.jpg,birmingham,
206,,im288.jpg,exeter,
207,,im289.jpg,london,
208,,im29.jpg,exeter,
209,,im290.jpg,exeter,
210,,im291.jpg,exeter,
211,,im292.jpg,birmingham,
212,,im293.jpg,birmingham,
213,,im294.jpg,birmingham,
214,,im295.jpg,edinburgh,
215,,im296.jpg,dublin,
216,,im297.jpg,chester,
217,,im298.jpg,exeter,
218,,im299.jpg,glasgow,
219,,im3.jpg,chester,
220,,im30.jpg,dublin,
221,,im300.jpg,london,
222,,im301.jpg,chester,
223,,im302.jpg,birmingham,
224,,im303.jpg,newcastle,
225,,im304.jpg,london,
226,,im305.jpg,birmingham,
227,,im306.jpg,london,
228,,im307.jpg,chester,
229,,im308.jpg,edinburgh,
230,,im309.jpg,exeter,
231,,im31.jpg,chester,
232,,im310.jpg,london,
233,,im311.jpg,chester,
234,,im312.jpg,london,
235,,im313.jpg,london,
236,,im314.jpg,birmingham,
237,,im315.jpg,london,
238,,im316.jpg,dublin,
239,,im317.jpg,sheffield,
240,,im318.jpg,chester,
241,,im319.jpg,chester,
242,,im32.jpg,birmingham,
243,,im320.jpg,dublin,
244,,im321.jpg,sheffield,
245,,im322.jpg,london,
246,,im323.jpg,dublin,
247,,im324.jpg,london,
248,,im325.jpg,birmingham,
249,,im326.jpg,london,
250,,im327.jpg,london,
251,,im328.jpg,sheffield,
252,,im329.jpg,sheffield,
253,,im33.jpg,chester,
254,,im330.jpg,dublin,
255,,im331.jpg,london,
256,,im332.jpg,birmingham,
257,,im333.jpg,birmingham,
258,,im334.jpg,london,
259,,im335.jpg,sheffield,
260,,im336.jpg,sheffield,
261,,im337.jpg,sheffield,
262,,im338.jpg,sheffield,
263,,im339.jpg,london,
264,,im34.jpg,chester,
265,,im340.jpg,chester,
266,,im341.jpg,birmingham,
267,,im342.jpg,edinburgh,
268,,im343.jpg,sheffield,
269,,im344.jpg,dublin,
270,,im345.jpg,chester,
271,,im346.jpg,birmingham,
272,,im347.jpg,chester,
273,,im348.jpg,sheffield,
274,,im349.jpg,exeter,
275,,im35.jpg,london,
276,,im350.jpg,london,
277,,im351.jpg,exeter,
278,,im352.jpg,sheffield,
279,,im353.jpg,chester,
280,,im354.jpg,exeter,
281,,im355.jpg,sheffield,
282,,im356.jpg,london,
283,,im357.jpg,london,
284,,im358.jpg,sheffield,
285,,im359.jpg,exeter,
286,,im36.jpg,sheffield,
287,,im360.jpg,glasgow,
288,,im361.jpg,sheffield,
289,,im362.jpg,edinburgh,
290,,im363.jpg,sheffield,
291,,im364.jpg,london,
292,,im365.jpg,birmingham,
293,,im366.jpg,dublin,
294,,im367.jpg,chester,
295,,im368.jpg,birmingham,
296,,im369.jpg,birmingham,
297,,im37.jpg,london,
298,,im370.jpg,chester,
299,,im371.jpg,sheffield,
300,,im372.jpg,sheffield,
301,,im373.jpg,sheffield,
302,,im374.jpg,sheffield,
303,,im375.jpg,edinburgh,
304,,im376.jpg,sheffield,
305,,im377.jpg,birmingham,
306,,im378.jpg,chester,
307,,im379.jpg,london,
308,,im38.jpg,sheffield,
309,,im380.jpg,london,
310,,im381.jpg,london,
311,,im382.jpg,exeter,
312,,im383.jpg,sheffield,
313,,im384.jpg,london,
314,,im385.jpg,sheffield,
315,,im386.jpg,sheffield,
316,,im387.jpg,exeter,
317,,im388.jpg,sheffield,
318,,im389.jpg,sheffield,
319,,im39.jpg,sheffield,
320,,im390.jpg,chester,
321,,im391.jpg,birmingham,
322,,im392.jpg,london,
323,,im393.jpg,london,
324,,im394.jpg,london,
325,,im395.jpg,birmingham,
326,,im396.jpg,sheffield,
327,,im397.jpg,chester,
328,,im398.jpg,birmingham,
329,,im399.jpg,edinburgh,
330,,im4.jpg,birmingham,
331,,im40.jpg,london,
332,,im400.jpg,chester,
333,,im401.jpg,london,
334,,im402.jpg,sheffield,
335,,im403.jpg,chester,
336,,im404.jpg,birmingham,
337,,im405.jpg,birmingham,
338,,im406.jpg,edinburgh,
339,,im407.jpg,sheffield,
340,,im408.jpg,birmingham,
341,,im409.jpg,edinburgh,
342,,im41.jpg,birmingham,
343,,im410.jpg,london,
344,,im411.jpg,edinburgh,
345,,im412.jpg,dublin,
346,,im413.jpg,birmingham,
347,,im414.jpg,chester,
348,,im415.jpg,edinburgh,
349,,im416.jpg,edinburgh,
350,,im417.jpg,london,
351,,im418.jpg,sheffield,
352,,im419.jpg,birmingham,
353,,im42.jpg,sheffield,
354,,im420.jpg,exeter,
355,,im421.jpg,dublin,
356,,im422.jpg,dublin,
357,,im423.jpg,london,
358,,im425.jpg,chester,
359,,im426.jpg,birmingham,
360,,im427.jpg,london,
361,,im428.jpg,sheffield,
362,,im429.jpg,chester,
363,,im43.jpg,dublin,
364,,im430.jpg,birmingham,
365,,im431.jpg,sheffield,
366,,im432.jpg,sheffield,
367,,im433.jpg,sheffield,
368,,im435.jpg,chester,
369,,im436.jpg,sheffield,
370,,im437.jpg,birmingham,
371,,im438.jpg,chester,
372,,im439.jpg,sheffield,
373,,im44.jpg,exeter,
374,,im440.jpg,edinburgh,
375,,im441.jpg,sheffield,
376,,im442.jpg,sheffield,
377,,im443.jpg,birmingham,
378,,im445.jpg,sheffield,
379,,im446.jpg,london,
380,,im447.jpg,sheffield,
381,,im448.jpg,birmingham,
382,,im45.jpg,london,
383,,im450.jpg,london,
384,,im451.jpg,chester,
385,,im452.jpg,glasgow,
386,,im453.jpg,birmingham,
387,,im454.jpg,birmingham,
388,,im455.jpg,sheffield,
389,,im456.jpg,chester,
390,,im457.jpg,birmingham,
391,,im458.jpg,edinburgh,
392,,im459.jpg,exeter,
393,,im46.jpg,dublin,
394,,im460.jpg,london,
395,,im461.jpg,london,
396,,im462.jpg,exeter,
397,,im463.jpg,birmingham,
398,,im464.jpg,london,
399,,im465.jpg,london,
400,,im466.jpg,london,
401,,im467.jpg,sheffield,
402,,im468.jpg,sheffield,
403,,im469.jpg,birmingham,
404,,im47.jpg,sheffield,
405,,im470.jpg,glasgow,
406,,im471.jpg,london,
407,,im472.jpg,edinburgh,
408,,im473.jpg,sheffield,
409,,im474.jpg,london,
410,,im475.jpg,exeter,
411,,im476.jpg,sheffield,
412,,im477.jpg,sheffield,
413,,im478.jpg,london,
414,,im479.jpg,sheffield,
415,,im48.jpg,sheffield,
416,,im480.jpg,sheffield,
417,,im481.jpg,birmingham,
418,,im482.jpg,sheffield,
419,,im483.jpg,birmingham,
420,,im484.jpg,chester,
421,,im485.jpg,edinburgh,
422,,im486.jpg,birmingham,
423,,im487.jpg,chester,
424,,im488.jpg,chester,
425,,im489.jpg,london,
426,,im49.jpg,chester,
427,,im490.jpg,edinburgh,
428,,im491.jpg,dublin,
429,,im492.jpg,london,
430,,im493.jpg,birmingham,
431,,im494.jpg,london,
432,,im495.jpg,sheffield,
433,,im496.jpg,sheffield,
434,,im497.jpg,sheffield,
435,,im498.jpg,sheffield,
436,,im499.jpg,london,
437,,im5.jpg,edinburgh,
438,,im50.jpg,exeter,
439,,im500.jpg,chester,
440,,im501.jpg,sheffield,
441,,im502.jpg,birmingham,
442,,im503.jpg,london,
443,,im504.jpg,london,
444,,im505.jpg,birmingham,
445,,im506.jpg,london,
446,,im507.jpg,sheffield,
447,,im508.jpg,birmingham,
448,,im509.jpg,edinburgh,
449,,im51.jpg,sheffield,
450,,im510.jpg,london,
451,,im511.jpg,sheffield,
452,,im512.jpg,london,
453,,im513.jpg,edinburgh,
454,,im514.jpg,sheffield,
455,,im515.jpg,exeter,
456,,im516.jpg,sheffield,
457,,im517.jpg,birmingham,
458,,im518.jpg,glasgow,
459,,im519.jpg,sheffield,
460,,im52.jpg,sheffield,
461,,im520.jpg,chester,
462,,im521.jpg,glasgow,
463,,im522.jpg,birmingham,
464,,im523.jpg,london,
465,,im524.jpg,glasgow,
466,,im525.jpg,birmingham,
467,,im526.jpg,newcastle,
468,,im527.jpg,exeter,
469,,im528.jpg,sheffield,
470,,im529.jpg,edinburgh,
471,,im53.jpg,london,
472,,im531.jpg,london,
473,,im532.jpg,chester,
474,,im533.jpg,edinburgh,
475,,im534.jpg,birmingham,
476,,im535.jpg,chester,
477,,im536.jpg,london,
478,,im537.jpg,birmingham,
479,,im538.jpg,sheffield,
480,,im539.jpg,chester,
481,,im54.jpg,london,
482,,im540.jpg,dublin,
483,,im541.jpg,sheffield,
484,,im542.jpg,chester,
485,,im543.jpg,glasgow,
486,,im544.jpg,london,
487,,im545.jpg,sheffield,
488,,im546.jpg,birmingham,
489,,im547.jpg,london,
490,,im548.jpg,sheffield,
491,,im549.jpg,chester,
492,,im55.jpg,london,
493,,im550.jpg,birmingham,
494,,im551.jpg,edinburgh,
495,,im552.jpg,chester,
496,,im553.jpg,birmingham,
497,,im554.jpg,london,
498,,im555.jpg,london,
499,,im556.jpg,birmingham,
500,,im557.jpg,london,
501,,im558.jpg,sheffield,
502,,im559.jpg,london,
503,,im56.jpg,birmingham,
504,,im560.jpg,chester,
505,,im561.jpg,london,
506,,im562.jpg,sheffield,
507,,im563.jpg,edinburgh,
508,,im564.jpg,birmingham,
509,,im565.jpg,edinburgh,
510,,im566.jpg,london,
511,,im567.jpg,chester,
512,,im568.jpg,birmingham,
513,,im569.jpg,glasgow,
514,,im57.jpg,sheffield,
515,,im570.jpg,chester,
516,,im571.jpg,sheffield,
517,,im572.jpg,birmingham,
518,,im573.jpg,sheffield,
519,,im574.jpg,chester,
520,,im575.jpg,london,
521,,im576.jpg,london,
522,,im577.jpg,chester,
523,,im578.jpg,chester,
524,,im579.jpg,chester,
525,,im58.jpg,sheffield,
526,,im580.jpg,dublin,
527,,im581.jpg,london,
528,,im582.jpg,sheffield,
529,,im583.jpg,london,
530,,im584.jpg,chester,
531,,im585.jpg,glasgow,
532,,im586.jpg,sheffield,
533,,im587.jpg,sheffield,
534,,im588.jpg,london,
535,,im589.jpg,sheffield,
536,,im59.jpg,london,
537,,im591.jpg,sheffield,
538,,im592.jpg,sheffield,
539,,im593.jpg,london,
540,,im594.jpg,newcastle,
541,,im595.jpg,sheffield,
542,,im596.jpg,sheffield,
543,,im597.jpg,sheffield,
544,,im598.jpg,london,
545,,im599.jpg,edinburgh,
546,,im6.jpg,chester,
547,,im60.jpg,glasgow,
548,,im600.jpg,sheffield,
549,,im601.jpg,london,
550,,im602.jpg,london,
551,,im603.jpg,sheffield,
552,,im604.jpg,chester,
553,,im605.jpg,london,
554,,im606.jpg,chester,
555,,im607.jpg,birmingham,
556,,im608.jpg,sheffield,
557,,im609.jpg,london,
558,,im61.jpg,sheffield,
559,,im610.jpg,exeter,
560,,im611.jpg,chester,
561,,im612.jpg,london,
562,,im613.jpg,london,
563,,im614.jpg,dublin,
564,,im615.jpg,birmingham,
565,,im616.jpg,london,
566,,im617.jpg,chester,
567,,im618.jpg,edinburgh,
568,,im619.jpg,sheffield,
569,,im62.jpg,exeter,
570,,im620.jpg,london,
571,,im621.jpg,birmingham,
572,,im622.jpg,exeter,
573,,im623.jpg,exeter,
574,,im624.jpg,edinburgh,
575,,im625.jpg,glasgow,
576,,im626.jpg,exeter,
577,,im627.jpg,chester,
578,,im628.jpg,chester,
579,,im629.jpg,exeter,
580,,im63.jpg,sheffield,
581,,im630.jpg,chester,
582,,im631.jpg,sheffield,
583,,im632.jpg,sheffield,
584,,im633.jpg,london,
585,,im634.jpg,london,
586,,im635.jpg,london,
587,,im636.jpg,birmingham,
588,,im637.jpg,london,
589,,im638.jpg,chester,
590,,im639.jpg,sheffield,
591,,im64.jpg,newcastle,
592,,im640.jpg,edinburgh,
593,,im641.jpg,dublin,
594,,im642.jpg,edinburgh,
595,,im643.jpg,edinburgh,
596,,im644.jpg,sheffield,
597,,im645.jpg,glasgow,
598,,im646.jpg,london,
599,,im647.jpg,london,
600,,im648.jpg,chester,
601,,im649.jpg,sheffield,
602,,im65.jpg,sheffield,
603,,im650.jpg,sheffield,
604,,im651.jpg,dublin,
605,,im652.jpg,chester,
606,,im653.jpg,edinburgh,
607,,im654.jpg,london,
608,,im655.jpg,edinburgh,
609,,im656.jpg,london,
610,,im657.jpg,chester,
611,,im658.jpg,birmingham,
612,,im659.jpg,london,
613,,im66.jpg,newcastle,
614,,im660.jpg,birmingham,
615,,im661.jpg,london,
616,,im662.jpg,sheffield,
617,,im663.jpg,exeter,
618,,im664.jpg,birmingham,
619,,im665.jpg,sheffield,
620,,im666.jpg,sheffield,
621,,im667.jpg,sheffield,
622,,im668.jpg,birmingham,
623,,im669.jpg,sheffield,
624,,im67.jpg,sheffield,
625,,im670.jpg,london,
626,,im671.jpg,edinburgh,
627,,im672.jpg,edinburgh,
628,,im673.jpg,sheffield,
629,,im674.jpg,birmingham,
630,,im675.jpg,london,
631,,im676.jpg,london,
632,,im677.jpg,exeter,
633,,im678.jpg,sheffield,
634,,im679.jpg,birmingham,
635,,im680.jpg,chester,
636,,im681.jpg,sheffield,
637,,im682.jpg,sheffield,
638,,im684.jpg,london,
639,,im685.jpg,london,
640,,im686.jpg,birmingham,
641,,im687.jpg,edinburgh,
642,,im688.jpg,sheffield,
643,,im689.jpg,chester,
644,,im69.jpg,chester,
645,,im690.jpg,chester,
646,,im691.jpg,sheffield,
647,,im692.jpg,sheffield,
648,,im693.jpg,chester,
649,,im694.jpg,birmingham,
650,,im695.jpg,london,
651,,im696.jpg,chester,
652,,im697.jpg,chester,
653,,im698.jpg,london,
654,,im699.jpg,chester,
655,,im7.jpg,birmingham,
656,,im70.jpg,sheffield,
657,,im700.jpg,birmingham,
658,,im701.jpg,edinburgh,
659,,im702.jpg,glasgow,
660,,im703.jpg,london,
661,,im704.jpg,glasgow,
662,,im705.jpg,sheffield,
663,,im706.jpg,sheffield,
664,,im707.jpg,sheffield,
665,,im708.jpg,london,
666,,im709.jpg,birmingham,
667,,im71.jpg,birmingham,
668,,im710.jpg,sheffield,
669,,im711.jpg,birmingham,
670,,im712.jpg,sheffield,
671,,im713.jpg,exeter,
672,,im714.jpg,exeter,
673,,im715.jpg,sheffield,
674,,im716.jpg,birmingham,
675,,im717.jpg,sheffield,
676,,im718.jpg,sheffield,
677,,im719.jpg,london,
678,,im72.jpg,birmingham,
679,,im720.jpg,birmingham,
680,,im721.jpg,sheffield,
681,,im722.jpg,dublin,
682,,im723.jpg,sheffield,
683,,im724.jpg,london,
684,,im725.jpg,sheffield,
685,,im726.jpg,dublin,
686,,im727.jpg,birmingham,
687,,im728.jpg,sheffield,
688,,im729.jpg,chester,
689,,im73.jpg,sheffield,
690,,im730.jpg,chester,
691,,im731.jpg,newcastle,
692,,im732.jpg,sheffield,
693,,im733.jpg,exeter,
694,,im734.jpg,london,
695,,im735.jpg,glasgow,
696,,im736.jpg,london,
697,,im737.jpg,chester,
698,,im738.jpg,newcastle,
699,,im739.jpg,edinburgh,
700,,im74.jpg,glasgow,
701,,im740.jpg,edinburgh,
702,,im741.jpg,edinburgh,
703,,im742.jpg,sheffield,
704,,im743.jpg,sheffield,
705,,im744.jpg,chester,
706,,im745.jpg,sheffield,
707,,im746.jpg,edinburgh,
708,,im747.jpg,sheffield,
709,,im748.jpg,london,
710,,im749.jpg,dublin,
711,,im75.jpg,glasgow,
712,,im750.jpg,birmingham,
713,,im751.jpg,chester,
714,,im752.jpg,edinburgh,
715,,im753.jpg,sheffield,
716,,im754.jpg,birmingham,
717,,im755.jpg,chester,
718,,im756.jpg,london,
719,,im757.jpg,birmingham,
720,,im758.jpg,sheffield,
721,,im759.jpg,birmingham,
722,,im76.jpg,london,
723,,im760.jpg,sheffield,
724,,im761.jpg,chester,
725,,im762.jpg,chester,
726,,im763.jpg,dublin,
727,,im764.jpg,exeter,
728,,im765.jpg,london,
729,,im766.jpg,sheffield,
730,,im767.jpg,birmingham,
731,,im768.jpg,sheffield,
732,,im769.jpg,newcastle,
733,,im77.jpg,sheffield,
734,,im770.jpg,sheffield,
735,,im771.jpg,london,
736,,im772.jpg,chester,
737,,im773.jpg,london,
738,,im774.jpg,chester,
739,,im775.jpg,edinburgh,
740,,im776.jpg,birmingham,
741,,im778.jpg,sheffield,
742,,im779.jpg,london,
743,,im78.jpg,chester,
744,,im780.jpg,edinburgh,
745,,im781.jpg,chester,
746,,im782.jpg,sheffield,
747,,im783.jpg,birmingham,
748,,im784.jpg,birmingham,
749,,im785.jpg,exeter,
750,,im786.jpg,london,
751,,im787.jpg,glasgow,
752,,im788.jpg,london,
753,,im789.jpg,birmingham,
754,,im79.jpg,chester,
755,,im790.jpg,edinburgh,
756,,im791.jpg,sheffield,
757,,im792.jpg,london,
758,,im793.jpg,edinburgh,
759,,im794.jpg,london,
760,,im795.jpg,birmingham,
761,,im796.jpg,sheffield,
762,,im797.jpg,chester,
763,,im798.jpg,birmingham,
764,,im799.jpg,sheffield,
765,,im80.jpg,london,
766,,im800.jpg,dublin,
767,,im801.jpg,chester,
768,,im802.jpg,london,
769,,im803.jpg,london,
770,,im804.jpg,glasgow,
771,,im805.jpg,london,
772,,im806.jpg,sheffield,
773,,im807.jpg,edinburgh,
774,,im808.jpg,london,
775,,im809.jpg,sheffield,
776,,im81.jpg,edinburgh,
777,,im810.jpg,dublin,
778,,im811.jpg,london,
779,,im812.jpg,sheffield,
780,,im813.jpg,birmingham,
781,,im814.jpg,edinburgh,
782,,im815.jpg,london,
783,,im816.jpg,exeter,
784,,im817.jpg,birmingham,
785,,im818.jpg,birmingham,
786,,im819.jpg,edinburgh,
787,,im82.jpg,dublin,
788,,im820.jpg,chester,
789,,im821.jpg,newcastle,
790,,im822.jpg,birmingham,
791,,im823.jpg,sheffield,
792,,im824.jpg,chester,
793,,im825.jpg,sheffield,
794,,im826.jpg,sheffield,
795,,im827.jpg,sheffield,
796,,im828.jpg,sheffield,
797,,im829.jpg,sheffield,
798,,im83.jpg,chester,
799,,im830.jpg,sheffield,
800,,im831.jpg,birmingham,
801,,im832.jpg,london,
802,,im833.jpg,sheffield,
803,,im834.jpg,london,
804,,im835.jpg,birmingham,
805,,im836.jpg,sheffield,
806,,im837.jpg,birmingham,
807,,im838.jpg,birmingham,
808,,im839.jpg,glasgow,
809,,im84.jpg,sheffield,
810,,im840.jpg,chester,
811,,im841.jpg,glasgow,
812,,im842.jpg,glasgow,
813,,im843.jpg,london,
814,,im844.jpg,chester,
815,,im845.jpg,sheffield,
816,,im846.jpg,dublin,
817,,im847.jpg,sheffield,
818,,im848.jpg,edinburgh,
819,,im849.jpg,birmingham,
820,,im85.jpg,exeter,
821,,im850.jpg,exeter,
822,,im851.jpg,chester,
823,,im852.jpg,london,
824,,im853.jpg,glasgow,
825,,im854.jpg,sheffield,
826,,im855.jpg,edinburgh,
827,,im856.jpg,sheffield,
828,,im857.jpg,sheffield,
829,,im858.jpg,edinburgh,
830,,im859.jpg,newcastle,
831,,im86.jpg,birmingham,
832,,im860.jpg,chester,
833,,im861.jpg,edinburgh,
834,,im862.jpg,dublin,
835,,im863.jpg,sheffield,
836,,im864.jpg,birmingham,
837,,im865.jpg,birmingham,
838,,im866.jpg,london,
839,,im867.jpg,sheffield,
840,,im868.jpg,birmingham,
841,,im869.jpg,exeter,
842,,im87.jpg,birmingham,
843,,im870.jpg,edinburgh,
844,,im871.jpg,newcastle,
845,,im872.jpg,chester,
846,,im873.jpg,sheffield,
847,,im874.jpg,birmingham,
848,,im875.jpg,birmingham,
849,,im876.jpg,sheffield,
850,,im877.jpg,chester,
851,,im878.jpg,sheffield,
852,,im879.jpg,sheffield,
853,,im88.jpg,sheffield,
854,,im880.jpg,dublin,
855,,im881.jpg,sheffield,
856,,im882.jpg,birmingham,
857,,im883.jpg,dublin,
858,,im884.jpg,dublin,
859,,im885.jpg,sheffield,
860,,im886.jpg,sheffield,
861,,im887.jpg,sheffield,
862,,im888.jpg,sheffield,
863,,im889.jpg,sheffield,
864,,im89.jpg,chester,
865,,im890.jpg,birmingham,
866,,im891.jpg,sheffield,
867,,im892.jpg,chester,
868,,im893.jpg,chester,
869,,im894.jpg,london,
870,,im895.jpg,sheffield,
871,,im896.jpg,glasgow,
872,,im898.jpg,sheffield,
873,,im899.jpg,sheffield,
874,,im90.jpg,dublin,
875,,im900.jpg,sheffield,
876,,im901.jpg,sheffield,
877,,im902.jpg,birmingham,
878,,im903.jpg,chester,
879,,im904.jpg,dublin,
880,,im905.jpg,glasgow,
881,,im906.jpg,dublin,
882,,im907.jpg,sheffield,
883,,im908.jpg,sheffield,
884,,im91.jpg,birmingham,
885,,im910.jpg,glasgow,
886,,im911.jpg,edinburgh,
887,,im912.jpg,sheffield,
888,,im913.jpg,sheffield,
889,,im914.jpg,chester,
890,,im915.jpg,birmingham,
891,,im916.jpg,edinburgh,
892,,im917.jpg,dublin,
893,,im918.jpg,chester,
894,,im919.jpg,exeter,
895,,im92.jpg,london,
896,,im920.jpg,sheffield,
897,,im921.jpg,chester,
898,,im922.jpg,sheffield,
899,,im923.jpg,london,
900,,im924.jpg,chester,
901,,im93.jpg,chester,
902,,im94.jpg,london,
903,,im95.jpg,london,
904,,im96.jpg,sheffield,
905,,im97.jpg,birmingham,
906,,im99.jpg,london,
