,Unnamed: 0,image_name,city,year
0,0,1_original.jpg,birmingham,1914
1,1,2_original.jpg,birmingham,1917
2,2,3_original.jpg,birmingham,1901
3,3,4_original.jpg,sheffield,1901
4,4,5_original.jpg,birmingham,1904
5,5,6_original.jpg,chester,1921
6,6,7_original.jpg,chester,1903
7,7,8_original.jpg,birmingham,1905
8,8,9_original.jpg,sheffield,1902
9,9,10_original.jpg,birmingham,2000
10,10,11_original.jpg,birmingham,1994
11,11,12_original.jpg,london,1985
12,12,13_original.jpg,sheffield,2002
13,13,14_original.jpg,birmingham,1923
14,14,15_original.jpg,birmingham,1990
15,15,16_original.jpg,london,1970
16,16,17_original.jpg,london,1978
17,17,18_original.jpg,london,1978
18,18,19_original.jpg,sheffield,1978
19,19,20_original.jpg,birmingham,1945
20,20,21_original.jpg,birmingham,1909
21,21,22_original.jpg,london,1990
22,22,23_original.jpg,london,1971
23,23,24_original.jpg,london,1938
24,24,25_original.jpg,london,1978
25,25,26_original.jpg,london,1902
26,26,27_original.jpg,birmingham,1991
27,27,28_original.jpg,london,2017
28,28,29_original.jpg,sheffield,2001
29,29,30_original.jpg,birmingham,1903
30,30,31_original.jpg,london,1978
31,31,32_original.jpg,london,1978
32,32,33_original.jpg,london,1972
33,33,34_original.jpg,london,1982
34,34,35_original.jpg,london,1973
35,35,36_original.jpg,sheffield,1973
36,36,37_original.jpg,birmingham,1973
37,37,38_original.jpg,london,1969
38,38,39_original.jpg,sheffield,1950
39,39,40_original.jpg,birmingham,1935
40,40,41_original.jpg,london,1932
41,41,42_original.jpg,sheffield,1953
42,42,43_original.jpg,london,1979
43,43,44_original.jpg,birmingham,1950
44,44,45_original.jpg,sheffield,1975
45,45,46_original.jpg,london,1945
46,46,47_original.jpg,birmingham,1912
47,47,48_original.jpg,birmingham,1912
48,48,49_original.jpg,birmingham,1913
49,49,50_original.jpg,birmingham,1913
50,50,51_original.jpg,birmingham,1920
51,51,52_original.jpg,birmingham,1899
52,52,53_original.jpg,birmingham,1900
53,53,54_original.jpg,birmingham,1903
54,54,55_original.jpg,birmingham,1938
55,55,56_original.jpg,birmingham,1910
56,56,57_original.jpg,birmingham,1909
57,57,58_original.jpg,birmingham,1895
58,58,59_original.jpg,birmingham,2020
59,59,60_original.jpg,birmingham,1905
60,60,61_original.jpg,birmingham,1923
61,61,62_original.jpg,birmingham,1898
62,62,63_original.jpg,birmingham,1898
63,63,64_original.jpg,birmingham,1914
64,64,65_original.jpg,birmingham,1896
65,65,66_original.jpg,birmingham,1913
66,66,67_original.jpg,birmingham,1924
67,67,68_original.jpg,birmingham,1931
68,68,69_original.jpg,birmingham,1904
69,69,70_original.jpg,birmingham,1892
70,70,71_original.jpg,london,1838
71,71,72_original.jpg,birmingham,1892
72,72,73_original.jpg,birmingham,1899
73,73,74_original.jpg,birmingham,1909
74,74,75_original.jpg,birmingham,1906
75,75,76_original.jpg,birmingham,1938
76,76,77_original.jpg,london,1824
77,77,78_original.jpg,london,1890
78,78,79_original.jpg,sheffield,1910
79,79,80_original.jpg,birmingham,1971
80,80,81_original.jpg,chester,1921
81,81,82_original.jpg,birmingham,1909
82,82,83_original.jpg,london,1818
83,83,84_original.jpg,london,1741
84,84,85_original.jpg,london,1975
85,85,86_original.jpg,birmingham,1934
86,86,87_original.jpg,london,1817
87,87,88_original.jpg,chester,1929
88,88,89_original.jpg,birmingham,1902
89,89,90_original.jpg,london,1961
90,90,91_original.jpg,birmingham,1853
91,91,92_original.jpg,birmingham,1936
92,92,93_original.jpg,birmingham,1907
93,93,94_original.jpg,london,1823
94,94,95_original.jpg,birmingham,1922
95,95,96_original.jpg,sheffield,1899
96,96,97_original.jpg,sheffield,1973
97,97,98_original.jpg,birmingham,1913
98,98,99_original.jpg,london,1986
99,99,100_original.jpg,london,1812
100,100,101_original.jpg,london,1805
101,101,102_original.jpg,dublin,1976
102,102,103_original.jpg,london,1985
103,103,104_original.jpg,edinburgh,1955
104,104,105_original.jpg,sheffield,1961
105,105,106_original.jpg,chester,1909
106,106,107_original.jpg,london,1895
107,107,108_original.jpg,birmingham,1968
108,108,109_original.jpg,sheffield,1912
109,109,110_original.jpg,london,1825
110,110,111_original.jpg,london,1825
111,111,112_original.jpg,sheffield,1919
112,112,113_original.jpg,sheffield,1924
113,113,114_original.jpg,sheffield,1930
114,114,115_original.jpg,birmingham,1917
115,115,116_original.jpg,birmingham,1901
116,116,117_original.jpg,birmingham,1913
117,117,118_original.jpg,birmingham,1941
118,118,119_original.jpg,birmingham,1928
119,119,120_original.jpg,newcastle,1829
120,120,121_original.jpg,newcastle,1829
121,121,122_original.jpg,chester,1913
122,122,123_original.jpg,birmingham,1931
123,123,124_original.jpg,birmingham,1963
124,124,125_original.jpg,birmingham,1963
125,125,126_original.jpg,birmingham,1930
126,126,127_original.jpg,london,1927
127,127,128_original.jpg,birmingham,1924
128,128,129_original.jpg,birmingham,1921
129,129,130_original.jpg,london,1820
130,130,131_original.jpg,chester,1929
131,131,132_original.jpg,london,1891
132,132,133_original.jpg,birmingham,1936
133,133,134_original.jpg,birmingham,1901
134,134,135_original.jpg,london,1988
135,135,136_original.jpg,birmingham,1981
136,136,137_original.jpg,birmingham,1901
137,137,138_original.jpg,birmingham,2020
138,138,139_original.jpg,birmingham,2005
139,139,140_original.jpg,glasgow,1838
140,140,141_original.jpg,glasgow,1838
141,141,142_original.jpg,birmingham,1932
142,142,143_original.jpg,london,1902
143,143,144_original.jpg,birmingham,1932
144,144,145_original.jpg,london,1952
145,145,146_original.jpg,birmingham,1936
146,146,147_original.jpg,london,1926
147,147,148_original.jpg,london,1926
148,148,149_original.jpg,london,1932
149,149,150_original.jpg,london,1932
150,150,151_original.jpg,london,1932
151,151,152_original.jpg,london,1932
152,152,153_original.jpg,london,1932
153,153,154_original.jpg,london,1932
154,154,155_original.jpg,london,1932
155,155,156_original.jpg,london,1932
156,156,157_original.jpg,london,1932
157,157,158_original.jpg,london,1932
158,158,159_original.jpg,london,1932
159,159,160_original.jpg,sheffield,1932
160,160,161_original.jpg,london,1916
161,161,162_original.jpg,london,1932
162,162,163_original.jpg,london,1932
163,163,164_original.jpg,london,1932
164,164,165_original.jpg,london,1932
165,165,166_original.jpg,london,1932
166,166,167_original.jpg,london,1932
167,167,168_original.jpg,birmingham,1977
168,168,169_original.jpg,birmingham,1908
169,169,170_original.jpg,london,1788
170,170,171_original.jpg,london,1788
171,171,172_original.jpg,sheffield,1912
172,172,173_original.jpg,birmingham,1918
173,173,174_original.jpg,birmingham,1927
174,174,175_original.jpg,birmingham,1971
175,175,176_original.jpg,birmingham,1972
176,176,177_original.jpg,sheffield,1931
177,177,178_original.jpg,sheffield,1919
178,178,179_original.jpg,london,1922
179,179,180_original.jpg,sheffield,1927
180,180,181_original.jpg,london,1904
181,181,182_original.jpg,london,1901
182,182,183_original.jpg,sheffield,1874
183,183,184_original.jpg,london,1898
184,184,185_original.jpg,birmingham,1904
185,185,186_original.jpg,birmingham,1941
186,186,187_original.jpg,sheffield,1926
187,187,188_original.jpg,sheffield,1828
188,188,189_original.jpg,london,1870
189,189,190_original.jpg,sheffield,1913
190,190,191_original.jpg,birmingham,1902
191,191,192_original.jpg,birmingham,1949
192,192,193_original.jpg,birmingham,1949
193,193,194_original.jpg,london,1910
194,194,195_original.jpg,sheffield,1940
195,195,196_original.jpg,birmingham,1977
196,196,197_original.jpg,sheffield,1955
197,197,198_original.jpg,sheffield,1957
198,198,199_original.jpg,edinburgh,1814
199,199,200_original.jpg,birmingham,1977
200,200,201_original.jpg,birmingham,1925
201,201,202_original.jpg,london,1939
202,202,203_original.jpg,london,1922
203,203,204_original.jpg,sheffield,1911
204,204,205_original.jpg,london,1792
205,205,206_original.jpg,london,1906
206,206,207_original.jpg,sheffield,1896
207,207,208_original.jpg,london,1901
208,208,209_original.jpg,birmingham,1899
209,209,210_original.jpg,birmingham,1814
210,210,211_original.jpg,sheffield,1904
211,211,212_original.jpg,birmingham,1925
212,212,213_original.jpg,sheffield,1854
213,213,214_original.jpg,london,1836
214,214,215_original.jpg,london,1989
215,215,216_original.jpg,birmingham,1968
216,216,217_original.jpg,sheffield,1917
217,217,218_original.jpg,london,1827
218,218,219_original.jpg,birmingham,1970
219,219,220_original.jpg,birmingham,1929
220,220,221_original.jpg,london,1938
221,221,222_original.jpg,london,1849
222,222,223_original.jpg,london,1985
223,223,224_original.jpg,london,1808
224,224,225_original.jpg,birmingham,1885
225,225,226_original.jpg,birmingham,1924
226,226,227_original.jpg,london,1834
227,227,228_original.jpg,london,1853
228,228,229_original.jpg,london,1853
229,229,230_original.jpg,london,2005
230,230,231_original.jpg,sheffield,1897
231,231,232_original.jpg,london,2000
232,232,233_original.jpg,london,1823
233,233,234_original.jpg,london,1823
234,234,235_original.jpg,london,1823
235,235,236_original.jpg,london,1823
236,236,237_original.jpg,birmingham,1907
237,237,238_original.jpg,birmingham,1909
238,238,239_original.jpg,birmingham,1918
239,239,240_original.jpg,birmingham,1985
240,240,241_original.jpg,london,1841
241,241,242_original.jpg,birmingham,1912
242,242,243_original.jpg,birmingham,1908
243,243,244_original.jpg,sheffield,1914
244,244,245_original.jpg,sheffield,1915
245,245,246_original.jpg,london,1975
246,246,247_original.jpg,sheffield,1928
247,247,248_original.jpg,sheffield,1928
248,248,249_original.jpg,birmingham,1910
249,249,250_original.jpg,birmingham,1899
250,250,251_original.jpg,birmingham,1948
251,251,252_original.jpg,london,1909
252,252,253_original.jpg,birmingham,1989
253,253,254_original.jpg,birmingham,1939
254,254,255_original.jpg,london,1909
255,255,256_original.jpg,birmingham,1948
256,256,257_original.jpg,birmingham,1927
257,257,258_original.jpg,birmingham,1912
258,258,259_original.jpg,london,1899
259,259,260_original.jpg,birmingham,1973
260,260,261_original.jpg,birmingham,1890
261,261,262_original.jpg,birmingham,1902
262,262,263_original.jpg,birmingham,1903
263,263,264_original.jpg,london,1976
264,264,265_original.jpg,london,1975
265,265,266_original.jpg,birmingham,1902
266,266,267_original.jpg,birmingham,1958
267,267,268_original.jpg,london,1905
268,268,269_original.jpg,london,1975
269,269,270_original.jpg,london,1976
270,270,271_original.jpg,london,1976
271,271,272_original.jpg,london,1907
272,272,273_original.jpg,birmingham,1936
273,273,274_original.jpg,birmingham,1936
274,274,275_original.jpg,london,1865
275,275,276_original.jpg,london,1988
276,276,277_original.jpg,sheffield,1927
277,277,278_original.jpg,sheffield,1927
278,278,279_original.jpg,sheffield,1972
279,279,280_original.jpg,sheffield,1924
280,280,281_original.jpg,birmingham,1915
281,281,282_original.jpg,birmingham,1932
282,282,N1_1_original.jpg,sheffield,1960
283,283,N10_10_original.jpg,birmingham,1919
284,284,N100_100_original.jpg,london,1914
285,285,N101_101_original.jpg,london,1889
286,286,N102_102_original.jpg,newcastle,1798
287,287,N103_103_original.jpg,london,1894
288,288,N104_104_original.jpg,london,1899
289,289,N105_105_original.jpg,edinburgh,1906
290,290,N106_106_original.jpg,london,1906
291,291,N107_107_original.jpg,london,1906
292,292,N108_108_original.jpg,london,1903
293,293,N109_109_original.jpg,birmingham,1901
294,294,N11_11_original.jpg,birmingham,1917
295,295,N110_110_original.jpg,sheffield,1920
296,296,N111_111_original.jpg,sheffield,1909
297,297,N112_112_original.jpg,glasgow,1918
298,298,N113_113_original.jpg,london,1895
299,299,N114_114_original.jpg,sheffield,1906
300,300,N115_115_original.jpg,birmingham,1936
301,301,N116_116_original.jpg,london,1912
302,302,N117_117_original.jpg,london,1864
303,303,N118_118_original.jpg,sheffield,1926
304,304,N119_119_original.jpg,birmingham,1926
305,305,N12_12_original.jpg,birmingham,1924
306,306,N120_120_original.jpg,london,1889
307,307,N121_121_original.jpg,london,1900
308,308,N122_122_original.jpg,birmingham,1909
309,309,N123_123_original.jpg,london,1923
310,310,N124_124_original.jpg,london,1882
311,311,N125_125_original.jpg,birmingham,1934
312,312,N126_126_original.jpg,birmingham,1921
313,313,N127_127_original.jpg,london,1908
314,314,N128_128_original.jpg,sheffield,1935
315,315,N129_129_original.jpg,dublin,1902
316,316,N13_13_original.jpg,birmingham,1922
317,317,N130_130_original.jpg,london,1930
318,318,N131_131_original.jpg,birmingham,1922
319,319,N132_132_original.jpg,london,1910
320,320,N133_133_original.jpg,sheffield,1904
321,321,N134_134_original.jpg,sheffield,1921
322,322,N135_135_original.jpg,sheffield,1910
323,323,N136_136_original.jpg,birmingham,1927
324,324,N137_137_original.jpg,london,1921
325,325,N138_138_original.jpg,london,1839
326,326,N139_139_original.jpg,birmingham,1909
327,327,N14_14_original.jpg,london,1915
328,328,N140_140_original.jpg,london,1905
329,329,N141_141_original.jpg,london,1861
330,330,N142_142_original.jpg,london,1934
331,331,N143_143_original.jpg,sheffield,1938
332,332,N144_144_original.jpg,london,1921
333,333,N145_145_original.jpg,sheffield,1876
334,334,N146_146_original.jpg,london,1930
335,335,N147_147_original.jpg,london,1925
336,336,N148_148_original.jpg,london,1906
337,337,N149_149_original.jpg,london,1908
338,338,N15_15_original.jpg,birmingham,1936
339,339,N150_150_original.jpg,london,1908
340,340,N151_151_original.jpg,london,1901
341,341,N152_152_original.jpg,sheffield,1901
342,342,N153_153_original.jpg,sheffield,1905
343,343,N154_154_original.jpg,london,1794
344,344,N155_155_original.jpg,london,1805
345,345,N156_156_original.jpg,london,1905
346,346,N157_157_original.jpg,sheffield,1929
347,347,N158_158_original.jpg,sheffield,1927
348,348,N159_159_original.jpg,glasgow,1927
349,349,N16_16_original.jpg,sheffield,1967
350,350,N160_160_original.jpg,sheffield,1922
351,351,N161_161_original.jpg,birmingham,1949
352,352,N162_162_original.jpg,sheffield,1892
353,353,N163_163_original.jpg,sheffield,1921
354,354,N164_164_original.jpg,birmingham,1908
355,355,N165_165_original.jpg,birmingham,1935
356,356,N166_166_original.jpg,london,1802
357,357,N167_167_original.jpg,london,1879
358,358,N168_168_original.jpg,birmingham,1932
359,359,N169_169_original.jpg,sheffield,1888
360,360,N17_17_original.jpg,london,1949
361,361,N170_170_original.jpg,sheffield,1895
362,362,N171_171_original.jpg,london,1888
363,363,N172_172_original.jpg,birmingham,1928
364,364,N173_173_original.jpg,birmingham,1896
365,365,N174_174_horiginal.jpg,birmingham,1907
366,366,N175_175_original.jpg,london,1905
367,367,N176_176_original.jpg,birmingham,1936
368,368,N177_177_original.jpg,chester,1902
369,369,N178_178_original.jpg,london,1899
370,370,N179_179_original.jpg,sheffield,1945
371,371,N18_18_original.jpg,london,1964
372,372,N180_180_original.jpg,london,1825
373,373,N181_181_original.jpg,london,1844
374,374,N182_182_original.jpg,london,1860
375,375,N183_183_original.jpg,london,1866
376,376,N184_184_original.jpg,london,1799
377,377,N185_185_original.jpg,london,1821
378,378,N186_186_original.jpg,london,1858
379,379,N187_187_original.jpg,sheffield,1898
380,380,N188_188_original.jpg,london,1883
381,381,N189_189_original.jpg,sheffield,1901
382,382,N19_19_original.jpg,birmingham,1952
383,383,N190_190_original.jpg,sheffield,1886
384,384,N191_191_original.jpg,london,1883
385,385,N192_192_original.jpg,london,1903
386,386,N193_193_original.jpg,sheffield,1934
387,387,N194_194_original.jpg,sheffield,1966
388,388,N195_195_original.jpg,london,1912
389,389,N196_196_original.jpg,sheffield,1909
390,390,N197_197_original.jpg,london,1861
391,391,N198_198_original.jpg,birmingham,1834
392,392,N199_199_original.jpg,london,1816
393,393,N2_2_original.jpg,birmingham,1912
394,394,N20_20_original.jpg,birmingham,1937
395,395,N200_200_original.jpg,sheffield,1852
396,396,N201_201_original.jpg,sheffield,1893
397,397,N202_202_original.jpg,sheffield,1937
398,398,N203_203_original.jpg,sheffield,1904
399,399,N204_204_original.jpg,sheffield,1916
400,400,N205_205_original.jpg,london,1928
401,401,N206_206_original.jpg,sheffield,1925
402,402,N207_207_original.jpg,sheffield,1931
403,403,N208_208_original.jpg,sheffield,1904
404,404,N209_209_original.jpg,london,1894
405,405,N21_21_original.jpg,london,1925
406,406,N210_210_original.jpg,glasgow,1877
407,407,N211_211_original.jpg,london,1790
408,408,N212_212_original.jpg,london,1821
409,409,N213_213_original.jpg,london,1813
410,410,N214_214_original.jpg,london,1847
411,411,N215_215_original.jpg,london,1825
412,412,N216_216_original.jpg,sheffield,1905
413,413,N217_217_original.jpg,birmingham,1936
414,414,N218_218_original.jpg,london,1889
415,415,N219_219_original.jpg,birmingham,1900
416,416,N22_22_original.jpg,london,1799
417,417,N220_220_original.jpg,london,1876
418,418,N221_221_original.jpg,london,1972
419,419,N222_222_original.jpg,london,1904
420,420,N223_223_original.jpg,london,1889
421,421,N224_224_original.jpg,sheffield,1896
422,422,N225_225_original.jpg,chester,1903
423,423,N226_226_original.jpg,chester,1894
424,424,N227_227_original.jpg,sheffield,1903
425,425,N228_228_original.jpg,london,1910
426,426,N229_229_original.jpg,sheffield,1918
427,427,N23_23_original.jpg,london,1808
428,428,N230_230_original.jpg,birmingham,1938
429,429,N231_231_original.jpg,london,1813
430,430,N232_232_original.jpg,london,1792
431,431,N233_233_original.jpg,london,1789
432,432,N234_234_original.jpg,london,1836
433,433,N235_235_original.jpg,london,1806
434,434,N236_236_original.jpg,london,1792
435,435,N237_237_original.jpg,london,1791
436,436,N238_238_original.jpg,edinburgh,1901
437,437,N239_239_original.jpg,london,1905
438,438,N24_24_original.jpg,london,1811
439,439,N240_240_original.jpg,sheffield,1919
440,440,N241_241_original.jpg,birmingham,1896
441,441,N242_242_original.jpg,edinburgh,1894
442,442,N243_243_original.jpg,london,1730
443,443,N244_244_original.jpg,london,1794
444,444,N245_245_original.jpg,london,1790
445,445,N246_246_original.jpg,london,1800
446,446,N247_247_original.jpg,london,1802
447,447,N248_248_original.jpg,london,1791
448,448,N249_249_original.jpg,london,1787
449,449,N25_25_original.jpg,london,1816
450,450,N250_250_original.jpg,london,1797
451,451,N251_251_original.jpg,edinburgh,1797
452,452,N252_252_original.jpg,london,1795
453,453,N253_253_original.jpg,london,1780
454,454,N254_254_original.jpg,london,1837
455,455,N255_255_original.jpg,london,1860
456,456,N256_256_original.jpg,london,1828
457,457,N257_257_original.jpg,london,1785
458,458,N258_258_original.jpg,london,1797
459,459,N259_259_original.jpg,london,1816
460,460,N26_26_original.jpg,london,1801
461,461,N260_260_original.jpg,london,1803
462,462,N261_261_original.jpg,london,1828
463,463,N262_262_original.jpg,london,1789
464,464,N263_263_original.jpg,london,1802
465,465,N264_264_original.jpg,london,1780
466,466,N265_265_original.jpg,london,1885
467,467,N266_266_original.jpg,london,1868
468,468,N267_267_original.jpg,london,1804
469,469,N268_268_original.jpg,london,1824
470,470,N269_269_original.jpg,sheffield,1942
471,471,N27_27_original.jpg,london,1802
472,472,N270_270_original.jpg,sheffield,1909
473,473,N271_271_original.jpg,london,1905
474,474,N272_272_original.jpg,chester,1934
475,475,N273_273_original.jpg,london,1819
476,476,N274_274_original.jpg,london,1908
477,477,N275_275_original.jpg,sheffield,1922
478,478,N276_276_original.jpg,sheffield,1906
479,479,N277_277_original.jpg,glasgow,1928
480,480,N278_278_original.jpg,birmingham,1929
481,481,N279_279_original.jpg,london,1794
482,482,N28_28_original.jpg,edinburgh,1893
483,483,N280_280_original.jpg,london,1794
484,484,N281_281_original.jpg,exeter,1801
485,485,N282_282_original.jpg,london,1899
486,486,N283_283_original.jpg,london,1789
487,487,N284_284_original.jpg,london,1921
488,488,N285_285_original.jpg,chester,1933
489,489,N286_286_original.jpg,london,1926
490,490,N287_287_original.jpg,birmingham,1902
491,491,N288_288_original.jpg,london,1900
492,492,N289_289_original.jpg,birmingham,1904
493,493,N29_29_original.jpg,sheffield,1936
494,494,N290_290_original.jpg,chester,1897
495,495,N3_3_original.jpg,sheffield,1828
496,496,N30_30_original.jpg,birmingham,1933
497,497,N31_31_original.jpg,london,1873
498,498,N32_32_original.jpg,london,1895
499,499,N33_33_original.jpg,london,1871
500,500,N34_34_original.jpg,london,1975
501,501,N35_35_original.jpg,london,1754
502,502,N36_36_original.jpg,edinburgh,1837
503,503,N37_37_original.jpg,london,1869
504,504,N38_38_original.jpg,london,1850
505,505,N39_39_original.jpg,london,1896
506,506,N4_4_original.jpg,london,1924
507,507,N40_40_original.jpg,london,1784
508,508,N41_41_original.jpg,sheffield,1844
509,509,N42_42_original.jpg,birmingham,1918
510,510,N43_43_original.jpg,london,1820
511,511,N44_44_original.jpg,london,1971
512,512,N45_45_original.jpg,london,1791
513,513,N46_46_original.jpg,london,1823
514,514,N47_47_original.jpg,london,1939
515,515,N48_48_original.jpg,edinburgh,1811
516,516,N49_49_original.jpg,sheffield,1872
517,517,N5_5_original.jpg,chester,1921
518,518,N50_50_original.jpg,london,1765
519,519,N51_51_original.jpg,london,1915
520,520,N52_52_original.jpg,london,1973
521,521,N53_53_original.jpg,london,1960
522,522,N54_54_original.jpg,birmingham,1988
523,523,N55_55_original.jpg,london,1808
524,524,N56_56_original.jpg,london,1772
525,525,N57_57_original.jpg,london,1913
526,526,N58_58_original.jpg,london,1797
527,527,N59_59_original.jpg,london,1804
528,528,N6_6_original.jpg,london,1914
529,529,N60_60_original.jpg,sheffield,1814
530,530,N61_61_original.jpg,sheffield,1776
531,531,N62_62_original.jpg,london,1775
532,532,N63_63_original.jpg,london,1897
533,533,N64_64_original.jpg,birmingham,1908
534,534,N65_65_original.jpg,london,1893
535,535,N66_66_original.jpg,birmingham,1925
536,536,N67_67_original.jpg,birmingham,1907
537,537,N68_68_original.jpg,london,1894
538,538,N69_69_original.jpg,london,1931
539,539,N7_7_original.jpg,birmingham,1924
540,540,N70_70_original.jpg,sheffield,1904
541,541,N71_71_original.jpg,birmingham,1901
542,542,N72_72_original.jpg,london,1892
543,543,N73_73_original.jpg,birmingham,1885
544,544,N74_74_original.jpg,london,1890
545,545,N75_75_original.jpg,dublin,1903
546,546,N76_76_original.jpg,london,1900
547,547,N77_77_original.jpg,london,1894
548,548,N78_78_original.jpg,sheffield,1921
549,549,N79_79_original.jpg,sheffield,1904
550,550,N8_8_original.jpg,london,1899
551,551,N80_80_original.jpg,sheffield,1897
552,552,N81_81_original.jpg,birmingham,1901
553,553,N82_82_original.jpg,sheffield,1895
554,554,N83_83_original.jpg,sheffield,1906
555,555,N84_84_original.jpg,london,1901
556,556,N85_85_original.jpg,birmingham,1911
557,557,N86_86_original.jpg,sheffield,1892
558,558,N87_87_original.jpg,sheffield,1919
559,559,N88_88_original.jpg,london,1910
560,560,N89_89_original.jpg,birmingham,1902
561,561,N9_9_original.jpg,sheffield,1887
562,562,N90_90_original.jpg,birmingham,1918
563,563,N91_91_original.jpg,london,1905
564,564,N92_92_original.jpg,london,1897
565,565,N93_93_original.jpg,birmingham,1938
566,566,N94_94_original.jpg,chester,1918
567,567,N95_95_original.jpg,chester,1902
568,568,N96_96_original.jpg,london,1898
569,569,N97_97_original.jpg,london,1901
570,570,N98_98_original.jpg,london,1889
571,571,N99_99_original.jpg,london,1887
