image_name,city,year
1_original.jpg,birmingham,1914
2_original.jpg,birmingham,1917
3_original.jpg,birmingham,1901
4_original.jpg,sheffield,1901
5_original.jpg,birmingham,1904
6_original.jpg,chester,1921
7_original.jpg,chester,1903
8_original.jpg,birmingham,1905
9_original.jpg,sheffield,1902
10_original.jpg,birmingham,2000
11_original.jpg,birmingham,1994
12_original.jpg,london,1985
13_original.jpg,sheffield,2002
14_original.jpg,birmingham,1923
15_original.jpg,birmingham,1990
16_original.jpg,london,1970
17_original.jpg,london,1978
18_original.jpg,london,1978
19_original.jpg,sheffield,1978
20_original.jpg,birmingham,1945
21_original.jpg,birmingham,1909
22_original.jpg,london,1990
23_original.jpg,london,1971
24_original.jpg,london,1938
25_original.jpg,london,1978
26_original.jpg,london,1902
27_original.jpg,birmingham,1991
28_original.jpg,london,2017
29_original.jpg,sheffield,2001
30_original.jpg,birmingham,1903
31_original.jpg,london,1978
32_original.jpg,london,1978
33_original.jpg,london,1972
34_original.jpg,london,1982
35_original.jpg,london,1973
36_original.jpg,sheffield,1973
37_original.jpg,birmingham,1973
38_original.jpg,london,1969
39_original.jpg,sheffield,1950
40_original.jpg,birmingham,1935
41_original.jpg,london,1932
42_original.jpg,sheffield,1953
43_original.jpg,london,1979
44_original.jpg,birmingham,1950
45_original.jpg,sheffield,1975
46_original.jpg,london,1945
47_original.jpg,birmingham,1912
48_original.jpg,birmingham,1912
49_original.jpg,birmingham,1913
50_original.jpg,birmingham,1913
51_original.jpg,birmingham,1920
52_original.jpg,birmingham,1899
53_original.jpg,birmingham,1900
54_original.jpg,birmingham,1903
55_original.jpg,birmingham,1938
56_original.jpg,birmingham,1910
57_original.jpg,birmingham,1909
58_original.jpg,birmingham,1895
59_original.jpg,birmingham,2020
60_original.jpg,birmingham,1905
61_original.jpg,birmingham,1923
62_original.jpg,birmingham,1898
63_original.jpg,birmingham,1898
64_original.jpg,birmingham,1914
65_original.jpg,birmingham,1896
66_original.jpg,birmingham,1913
67_original.jpg,birmingham,1924
68_original.jpg,birmingham,1931
69_original.jpg,birmingham,1904
70_original.jpg,birmingham,1892
71_original.jpg,london,1838
72_original.jpg,birmingham,1892
73_original.jpg,birmingham,1899
74_original.jpg,birmingham,1909
75_original.jpg,birmingham,1906
76_original.jpg,birmingham,1938
77_original.jpg,london,1824
78_original.jpg,london,1890
79_original.jpg,sheffield,1910
80_original.jpg,birmingham,1971
81_original.jpg,chester,1921
82_original.jpg,birmingham,1909
83_original.jpg,london,1818
84_original.jpg,london,1741
85_original.jpg,london,1975
86_original.jpg,birmingham,1934
87_original.jpg,london,1817
88_original.jpg,chester,1929
89_original.jpg,birmingham,1902
90_original.jpg,london,1961
91_original.jpg,birmingham,1853
92_original.jpg,birmingham,1936
93_original.jpg,birmingham,1907
94_original.jpg,london,1823
95_original.jpg,birmingham,1922
96_original.jpg,sheffield,1899
97_original.jpg,sheffield,1973
98_original.jpg,birmingham,1913
99_original.jpg,london,1986
100_original.jpg,london,1812
101_original.jpg,london,1805
102_original.jpg,dublin,1976
103_original.jpg,london,1985
104_original.jpg,edinburgh,1955
105_original.jpg,sheffield,1961
106_original.jpg,chester,1909
107_original.jpg,london,1895
108_original.jpg,birmingham,1968
109_original.jpg,sheffield,1912
110_original.jpg,london,1825
111_original.jpg,london,1825
112_original.jpg,sheffield,1919
113_original.jpg,sheffield,1924
114_original.jpg,sheffield,1930
115_original.jpg,birmingham,1917
116_original.jpg,birmingham,1901
117_original.jpg,birmingham,1913
118_original.jpg,birmingham,1941
119_original.jpg,birmingham,1928
120_original.jpg,newcastle,1829
121_original.jpg,newcastle,1829
122_original.jpg,chester,1913
123_original.jpg,birmingham,1931
124_original.jpg,birmingham,1963
125_original.jpg,birmingham,1963
126_original.jpg,birmingham,1930
127_original.jpg,london,1927
128_original.jpg,birmingham,1924
129_original.jpg,birmingham,1921
130_original.jpg,london,1820
131_original.jpg,chester,1929
132_original.jpg,london,1891
133_original.jpg,birmingham,1936
134_original.jpg,birmingham,1901
135_original.jpg,london,1988
136_original.jpg,birmingham,1981
137_original.jpg,birmingham,1901
138_original.jpg,birmingham,2020
139_original.jpg,birmingham,2005
140_original.jpg,glasgow,1838
141_original.jpg,glasgow,1838
142_original.jpg,birmingham,1932
143_original.jpg,london,1902
144_original.jpg,birmingham,1932
145_original.jpg,london,1952
146_original.jpg,birmingham,1936
147_original.jpg,london,1926
148_original.jpg,london,1926
149_original.jpg,london,1932
150_original.jpg,london,1932
151_original.jpg,london,1932
152_original.jpg,london,1932
153_original.jpg,london,1932
154_original.jpg,london,1932
155_original.jpg,london,1932
156_original.jpg,london,1932
157_original.jpg,london,1932
158_original.jpg,london,1932
159_original.jpg,london,1932
160_original.jpg,sheffield,1932
161_original.jpg,london,1916
162_original.jpg,london,1932
163_original.jpg,london,1932
164_original.jpg,london,1932
165_original.jpg,london,1932
166_original.jpg,london,1932
167_original.jpg,london,1932
168_original.jpg,birmingham,1977
169_original.jpg,birmingham,1908
170_original.jpg,london,1788
171_original.jpg,london,1788
172_original.jpg,sheffield,1912
173_original.jpg,birmingham,1918
174_original.jpg,birmingham,1927
175_original.jpg,birmingham,1971
176_original.jpg,birmingham,1972
177_original.jpg,sheffield,1931
178_original.jpg,sheffield,1919
179_original.jpg,london,1922
180_original.jpg,sheffield,1927
181_original.jpg,london,1904
182_original.jpg,london,1901
183_original.jpg,sheffield,1874
184_original.jpg,london,1898
185_original.jpg,birmingham,1904
186_original.jpg,birmingham,1941
187_original.jpg,sheffield,1926
188_original.jpg,sheffield,1828
189_original.jpg,london,1870
190_original.jpg,sheffield,1913
191_original.jpg,birmingham,1902
192_original.jpg,birmingham,1949
193_original.jpg,birmingham,1949
194_original.jpg,london,1910
195_original.jpg,sheffield,1940
196_original.jpg,birmingham,1977
197_original.jpg,sheffield,1955
198_original.jpg,sheffield,1957
199_original.jpg,edinburgh,1814
200_original.jpg,birmingham,1977
201_original.jpg,birmingham,1925
202_original.jpg,london,1939
203_original.jpg,london,1922
204_original.jpg,sheffield,1911
205_original.jpg,london,1792
206_original.jpg,london,1906
207_original.jpg,sheffield,1896
208_original.jpg,london,1901
209_original.jpg,birmingham,1899
210_original.jpg,birmingham,1814
211_original.jpg,sheffield,1904
212_original.jpg,birmingham,1925
213_original.jpg,sheffield,1854
214_original.jpg,london,1836
215_original.jpg,london,1989
216_original.jpg,birmingham,1968
217_original.jpg,sheffield,1917
218_original.jpg,london,1827
219_original.jpg,birmingham,1970
220_original.jpg,birmingham,1929
221_original.jpg,london,1938
222_original.jpg,london,1849
223_original.jpg,london,1985
224_original.jpg,london,1808
225_original.jpg,birmingham,1885
226_original.jpg,birmingham,1924
227_original.jpg,london,1834
228_original.jpg,london,1853
229_original.jpg,london,1853
230_original.jpg,london,2005
231_original.jpg,sheffield,1897
232_original.jpg,london,2000
233_original.jpg,london,1823
234_original.jpg,london,1823
235_original.jpg,london,1823
236_original.jpg,london,1823
237_original.jpg,birmingham,1907
238_original.jpg,birmingham,1909
239_original.jpg,birmingham,1918
240_original.jpg,birmingham,1985
241_original.jpg,london,1841
242_original.jpg,birmingham,1912
243_original.jpg,birmingham,1908
244_original.jpg,sheffield,1914
245_original.jpg,sheffield,1915
246_original.jpg,london,1975
247_original.jpg,sheffield,1928
248_original.jpg,sheffield,1928
249_original.jpg,birmingham,1910
250_original.jpg,birmingham,1899
251_original.jpg,birmingham,1948
252_original.jpg,london,1909
253_original.jpg,birmingham,1989
254_original.jpg,birmingham,1939
255_original.jpg,london,1909
256_original.jpg,birmingham,1948
257_original.jpg,birmingham,1927
258_original.jpg,birmingham,1912
259_original.jpg,london,1899
260_original.jpg,birmingham,1973
261_original.jpg,birmingham,1890
262_original.jpg,birmingham,1902
263_original.jpg,birmingham,1903
264_original.jpg,london,1976
265_original.jpg,london,1975
266_original.jpg,birmingham,1902
267_original.jpg,birmingham,1958
268_original.jpg,london,1905
269_original.jpg,london,1975
270_original.jpg,london,1976
271_original.jpg,london,1976
272_original.jpg,london,1907
273_original.jpg,birmingham,1936
274_original.jpg,birmingham,1936
275_original.jpg,london,1865
276_original.jpg,london,1988
277_original.jpg,sheffield,1927
278_original.jpg,sheffield,1927
279_original.jpg,sheffield,1972
280_original.jpg,sheffield,1924
281_original.jpg,birmingham,1915
282_original.jpg,birmingham,1932
N1_1_original.jpg,sheffield,1960
N10_10_original.jpg,birmingham,1919
N100_100_original.jpg,london,1914
N101_101_original.jpg,london,1889
N102_102_original.jpg,newcastle,1798
N103_103_original.jpg,london,1894
N104_104_original.jpg,london,1899
N105_105_original.jpg,edinburgh,1906
N106_106_original.jpg,london,1906
N107_107_original.jpg,london,1906
N108_108_original.jpg,london,1903
N109_109_original.jpg,birmingham,1901
N11_11_original.jpg,birmingham,1917
N110_110_original.jpg,sheffield,1920
N111_111_original.jpg,sheffield,1909
N112_112_original.jpg,glasgow,1918
N113_113_original.jpg,london,1895
N114_114_original.jpg,sheffield,1906
N115_115_original.jpg,birmingham,1936
N116_116_original.jpg,london,1912
N117_117_original.jpg,london,1864
N118_118_original.jpg,sheffield,1926
N119_119_original.jpg,birmingham,1926
N12_12_original.jpg,birmingham,1924
N120_120_original.jpg,london,1889
N121_121_original.jpg,london,1900
N122_122_original.jpg,birmingham,1909
N123_123_original.jpg,london,1923
N124_124_original.jpg,london,1882
N125_125_original.jpg,birmingham,1934
N126_126_original.jpg,birmingham,1921
N127_127_original.jpg,london,1908
N128_128_original.jpg,sheffield,1935
N129_129_original.jpg,dublin,1902
N13_13_original.jpg,birmingham,1922
N130_130_original.jpg,london,1930
N131_131_original.jpg,birmingham,1922
N132_132_original.jpg,london,1910
N133_133_original.jpg,sheffield,1904
N134_134_original.jpg,sheffield,1921
N135_135_original.jpg,sheffield,1910
N136_136_original.jpg,birmingham,1927
N137_137_original.jpg,london,1921
N138_138_original.jpg,london,1839
N139_139_original.jpg,birmingham,1909
N14_14_original.jpg,london,1915
N140_140_original.jpg,london,1905
N141_141_original.jpg,london,1861
N142_142_original.jpg,london,1934
N143_143_original.jpg,sheffield,1938
N144_144_original.jpg,london,1921
N145_145_original.jpg,sheffield,1876
N146_146_original.jpg,london,1930
N147_147_original.jpg,london,1925
N148_148_original.jpg,london,1906
N149_149_original.jpg,london,1908
N15_15_original.jpg,birmingham,1936
N150_150_original.jpg,london,1908
N151_151_original.jpg,london,1901
N152_152_original.jpg,sheffield,1901
N153_153_original.jpg,sheffield,1905
N154_154_original.jpg,london,1794
N155_155_original.jpg,london,1805
N156_156_original.jpg,london,1905
N157_157_original.jpg,sheffield,1929
N158_158_original.jpg,sheffield,1927
N159_159_original.jpg,glasgow,1927
N16_16_original.jpg,sheffield,1967
N160_160_original.jpg,sheffield,1922
N161_161_original.jpg,birmingham,1949
N162_162_original.jpg,sheffield,1892
N163_163_original.jpg,sheffield,1921
N164_164_original.jpg,birmingham,1908
N165_165_original.jpg,birmingham,1935
N166_166_original.jpg,london,1802
N167_167_original.jpg,london,1879
N168_168_original.jpg,birmingham,1932
N169_169_original.jpg,sheffield,1888
N17_17_original.jpg,london,1949
N170_170_original.jpg,sheffield,1895
N171_171_original.jpg,london,1888
N172_172_original.jpg,birmingham,1928
N173_173_original.jpg,birmingham,1896
N174_174_horiginal.jpg,birmingham,1907
N175_175_original.jpg,london,1905
N176_176_original.jpg,birmingham,1936
N177_177_original.jpg,chester,1902
N178_178_original.jpg,london,1899
N179_179_original.jpg,sheffield,1945
N18_18_original.jpg,london,1964
N180_180_original.jpg,london,1825
N181_181_original.jpg,london,1844
N182_182_original.jpg,london,1860
N183_183_original.jpg,london,1866
N184_184_original.jpg,london,1799
N185_185_original.jpg,london,1821
N186_186_original.jpg,london,1858
N187_187_original.jpg,sheffield,1898
N188_188_original.jpg,london,1883
N189_189_original.jpg,sheffield,1901
N19_19_original.jpg,birmingham,1952
N190_190_original.jpg,sheffield,1886
N191_191_original.jpg,london,1883
N192_192_original.jpg,london,1903
N193_193_original.jpg,sheffield,1934
N194_194_original.jpg,sheffield,1966
N195_195_original.jpg,london,1912
N196_196_original.jpg,sheffield,1909
N197_197_original.jpg,london,1861
N198_198_original.jpg,birmingham,1834
N199_199_original.jpg,london,1816
N2_2_original.jpg,birmingham,1912
N20_20_original.jpg,birmingham,1937
N200_200_original.jpg,sheffield,1852
N201_201_original.jpg,sheffield,1893
N202_202_original.jpg,sheffield,1937
N203_203_original.jpg,sheffield,1904
N204_204_original.jpg,sheffield,1916
N205_205_original.jpg,london,1928
N206_206_original.jpg,sheffield,1925
N207_207_original.jpg,sheffield,1931
N208_208_original.jpg,sheffield,1904
N209_209_original.jpg,london,1894
N21_21_original.jpg,london,1925
N210_210_original.jpg,glasgow,1877
N211_211_original.jpg,london,1790
N212_212_original.jpg,london,1821
N213_213_original.jpg,london,1813
N214_214_original.jpg,london,1847
N215_215_original.jpg,london,1825
N216_216_original.jpg,sheffield,1905
N217_217_original.jpg,birmingham,1936
N218_218_original.jpg,london,1889
N219_219_original.jpg,birmingham,1900
N22_22_original.jpg,london,1799
N220_220_original.jpg,london,1876
N221_221_original.jpg,london,1972
N222_222_original.jpg,london,1904
N223_223_original.jpg,london,1889
N224_224_original.jpg,sheffield,1896
N225_225_original.jpg,chester,1903
N226_226_original.jpg,chester,1894
N227_227_original.jpg,sheffield,1903
N228_228_original.jpg,london,1910
N229_229_original.jpg,sheffield,1918
N23_23_original.jpg,london,1808
N230_230_original.jpg,birmingham,1938
N231_231_original.jpg,london,1813
N232_232_original.jpg,london,1792
N233_233_original.jpg,london,1789
N234_234_original.jpg,london,1836
N235_235_original.jpg,london,1806
N236_236_original.jpg,london,1792
N237_237_original.jpg,london,1791
N238_238_original.jpg,edinburgh,1901
N239_239_original.jpg,london,1905
N24_24_original.jpg,london,1811
N240_240_original.jpg,sheffield,1919
N241_241_original.jpg,birmingham,1896
N242_242_original.jpg,edinburgh,1894
N243_243_original.jpg,london,1730
N244_244_original.jpg,london,1794
N245_245_original.jpg,london,1790
N246_246_original.jpg,london,1800
N247_247_original.jpg,london,1802
N248_248_original.jpg,london,1791
N249_249_original.jpg,london,1787
N25_25_original.jpg,london,1816
N250_250_original.jpg,london,1797
N251_251_original.jpg,edinburgh,1797
N252_252_original.jpg,london,1795
N253_253_original.jpg,london,1780
N254_254_original.jpg,london,1837
N255_255_original.jpg,london,1860
N256_256_original.jpg,london,1828
N257_257_original.jpg,london,1785
N258_258_original.jpg,london,1797
N259_259_original.jpg,london,1816
N26_26_original.jpg,london,1801
N260_260_original.jpg,london,1803
N261_261_original.jpg,london,1828
N262_262_original.jpg,london,1789
N263_263_original.jpg,london,1802
N264_264_original.jpg,london,1780
N265_265_original.jpg,london,1885
N266_266_original.jpg,london,1868
N267_267_original.jpg,london,1804
N268_268_original.jpg,london,1824
N269_269_original.jpg,sheffield,1942
N27_27_original.jpg,london,1802
N270_270_original.jpg,sheffield,1909
N271_271_original.jpg,london,1905
N272_272_original.jpg,chester,1934
N273_273_original.jpg,london,1819
N274_274_original.jpg,london,1908
N275_275_original.jpg,sheffield,1922
N276_276_original.jpg,sheffield,1906
N277_277_original.jpg,glasgow,1928
N278_278_original.jpg,birmingham,1929
N279_279_original.jpg,london,1794
N28_28_original.jpg,edinburgh,1893
N280_280_original.jpg,london,1794
N281_281_original.jpg,exeter,1801
N282_282_original.jpg,london,1899
N283_283_original.jpg,london,1789
N284_284_original.jpg,london,1921
N285_285_original.jpg,chester,1933
N286_286_original.jpg,london,1926
N287_287_original.jpg,birmingham,1902
N288_288_original.jpg,london,1900
N289_289_original.jpg,birmingham,1904
N29_29_original.jpg,sheffield,1936
N290_290_original.jpg,chester,1897
N3_3_original.jpg,sheffield,1828
N30_30_original.jpg,birmingham,1933
N31_31_original.jpg,london,1873
N32_32_original.jpg,london,1895
N33_33_original.jpg,london,1871
N34_34_original.jpg,london,1975
N35_35_original.jpg,london,1754
N36_36_original.jpg,edinburgh,1837
N37_37_original.jpg,london,1869
N38_38_original.jpg,london,1850
N39_39_original.jpg,london,1896
N4_4_original.jpg,london,1924
N40_40_original.jpg,london,1784
N41_41_original.jpg,sheffield,1844
N42_42_original.jpg,birmingham,1918
N43_43_original.jpg,london,1820
N44_44_original.jpg,london,1971
N45_45_original.jpg,london,1791
N46_46_original.jpg,london,1823
N47_47_original.jpg,london,1939
N48_48_original.jpg,edinburgh,1811
N49_49_original.jpg,sheffield,1872
N5_5_original.jpg,chester,1921
N50_50_original.jpg,london,1765
N51_51_original.jpg,london,1915
N52_52_original.jpg,london,1973
N53_53_original.jpg,london,1960
N54_54_original.jpg,birmingham,1988
N55_55_original.jpg,london,1808
N56_56_original.jpg,london,1772
N57_57_original.jpg,london,1913
N58_58_original.jpg,london,1797
N59_59_original.jpg,london,1804
N6_6_original.jpg,london,1914
N60_60_original.jpg,sheffield,1814
N61_61_original.jpg,sheffield,1776
N62_62_original.jpg,london,1775
N63_63_original.jpg,london,1897
N64_64_original.jpg,birmingham,1908
N65_65_original.jpg,london,1893
N66_66_original.jpg,birmingham,1925
N67_67_original.jpg,birmingham,1907
N68_68_original.jpg,london,1894
N69_69_original.jpg,london,1931
N7_7_original.jpg,birmingham,1924
N70_70_original.jpg,sheffield,1904
N71_71_original.jpg,birmingham,1901
N72_72_original.jpg,london,1892
N73_73_original.jpg,birmingham,1885
N74_74_original.jpg,london,1890
N75_75_original.jpg,dublin,1903
N76_76_original.jpg,london,1900
N77_77_original.jpg,london,1894
N78_78_original.jpg,sheffield,1921
N79_79_original.jpg,sheffield,1904
N8_8_original.jpg,london,1899
N80_80_original.jpg,sheffield,1897
N81_81_original.jpg,birmingham,1901
N82_82_original.jpg,sheffield,1895
N83_83_original.jpg,sheffield,1906
N84_84_original.jpg,london,1901
N85_85_original.jpg,birmingham,1911
N86_86_original.jpg,sheffield,1892
N87_87_original.jpg,sheffield,1919
N88_88_original.jpg,london,1910
N89_89_original.jpg,birmingham,1902
N9_9_original.jpg,sheffield,1887
N90_90_original.jpg,birmingham,1918
N91_91_original.jpg,london,1905
N92_92_original.jpg,london,1897
N93_93_original.jpg,birmingham,1938
N94_94_original.jpg,chester,1918
N95_95_original.jpg,chester,1902
N96_96_original.jpg,london,1898
N97_97_original.jpg,london,1901
N98_98_original.jpg,london,1889
N99_99_original.jpg,london,1887
