,folder,original_image,highlighted_image,city,year,url
0,N1,1_original.jpg,1_highlighted.jpg,Sheffield,1960,https://theoldcorkscrew.co.za/shop/sold-items/george-iv-silver-three-piece-tea-set-marked-for-sheffield-1934-1935-by-walker-hall/
1,N10,10_original.jpg,10_highlighted.jpg,Birmingham,1919,https://www.bryandouglas.co.uk/silverware/flasks/b7574/b7574b.htm
2,N100,100_original.jpg,100_highlighted.jpg,London,1914,https://www.bryandouglas.co.uk/silverware/vases/4676/4676b.htm
3,N101,101_original.jpg,101_highlighted.jpg,London,1889,https://www.bryandouglas.co.uk/silverware/vases/j8976/j8976b.htm
4,N102,102_original.jpg,102_highlighted.jpg,Newcastle,1798,https://www.bryandouglas.co.uk/silverware/trophies/b4950a/b4950ab.htm
5,N103,103_original.jpg,103_highlighted.jpg,London,1894,https://www.bryandouglas.co.uk/silverware/trophies/j9836/j9836b.htm
6,N104,104_original.jpg,104_highlighted.jpg,London,1899,https://www.bryandouglas.co.uk/silverware/trophies/d8207/d8207b.htm
7,N105,105_original.jpg,105_highlighted.jpg,Edinburgh,1906,https://www.bryandouglas.co.uk/silverware/trophies/b7290/b7290b.htm
8,N106,106_original.jpg,106_highlighted.jpg,London,1906,https://www.bryandouglas.co.uk/silverware/vases/j9207/j9207b.htm
9,N107,107_original.jpg,107_highlighted.jpg,London,1906,https://www.bryandouglas.co.uk/silverware/trophies/j5645/j5645b.htm
10,N108,108_original.jpg,108_highlighted.jpg,London,1903,https://www.bryandouglas.co.uk/silverware/trophies/4460/4460b.htm
11,N109,109_original.jpg,109_highlighted.jpg,Birmingham,1901,https://www.bryandouglas.co.uk/silverware/trophies/5521/5521b.htm
12,N11,11_original.jpg,11_highlighted.jpg,Birmingham,1917,https://www.bryandouglas.co.uk/silverware/flasks/b8764/b8764b.htm
13,N110,110_original.jpg,110_highlighted.jpg,Sheffield,1920,https://www.bryandouglas.co.uk/silverware/trophies/d4644/d4644b.htm
14,N111,111_original.jpg,111_highlighted.jpg,Sheffield,1909,https://www.bryandouglas.co.uk/silverware/trophies/b8681/b8681b.htm
15,N112,112_original.jpg,112_highlighted.jpg,Glasgow,1918,https://www.bryandouglas.co.uk/silverware/trophies/b5305/b5305b.htm
16,N113,113_original.jpg,113_highlighted.jpg,London,1895,https://www.bryandouglas.co.uk/silverware/trophies/5435/5435b.htm
17,N114,114_original.jpg,114_highlighted.jpg,Sheffield,1906,https://www.bryandouglas.co.uk/silverware/trophies/b5387/b5387b.htm
18,N115,115_original.jpg,115_highlighted.jpg,Birmingham,1936,https://www.bryandouglas.co.uk/silverware/trophies/b4100/b4100b.htm
19,N116,116_original.jpg,116_highlighted.jpg,London,1912,https://www.bryandouglas.co.uk/silverware/trophies/b1854/b1854b.htm
20,N117,117_original.jpg,117_highlighted.jpg,London,1864,https://www.bryandouglas.co.uk/silverware/trophies/b7256/b7256b.htm
21,N118,118_original.jpg,118_highlighted.jpg,Sheffield,1926,https://www.bryandouglas.co.uk/silverware/trophies/l2168/l2168b.htm
22,N119,119_original.jpg,119_highlighted.jpg,Birmingham,1926,https://www.bryandouglas.co.uk/silverware/trophies/b6206/b6206b.htm
23,N12,12_original.jpg,12_highlighted.jpg,Birmingham,1924,https://www.bryandouglas.co.uk/silverware/flasks/4949/4949b.htm
24,N120,120_original.jpg,120_highlighted.jpg,London,1889,https://www.bryandouglas.co.uk/silverware/trophies/5096/5096b.htm
25,N121,121_original.jpg,121_highlighted.jpg,London,1900,https://www.bryandouglas.co.uk/silverware/trophies/b4818/b4818b.htm
26,N122,122_original.jpg,122_highlighted.jpg,Birmingham,1909,https://www.bryandouglas.co.uk/silverware/trophies/j3320/j3320b.htm
27,N123,123_original.jpg,123_highlighted.jpg,London,1923,https://www.bryandouglas.co.uk/silverware/trophies/l0686/l0686b.htm
28,N124,124_original.jpg,124_highlighted.jpg,London,1882,https://www.bryandouglas.co.uk/silverware/trophies/5321/5321b.htm
29,N125,125_original.jpg,125_highlighted.jpg,Birmingham,1934,https://www.bryandouglas.co.uk/silverware/trophies/b7691/b7691b.htm
30,N126,126_original.jpg,126_highlighted.jpg,Birmingham,1921,https://www.bryandouglas.co.uk/silverware/trophies/b8815/b8815b.htm
31,N127,127_original.jpg,127_highlighted.jpg,London,1908,https://www.bryandouglas.co.uk/silverware/trophies/b8456/b8456b.htm
32,N128,128_original.jpg,128_highlighted.jpg,Sheffield,1935,https://www.bryandouglas.co.uk/silverware/trophies/b0320/b0320b.htm
33,N129,129_original.jpg,129_highlighted.jpg,Dublin,1902,https://www.bryandouglas.co.uk/silverware/trophies/b1799/b1799b.htm
34,N13,13_original.jpg,13_highlighted.jpg,Birmingham,1922,https://www.bryandouglas.co.uk/silverware/flasks/l0278/l0278b.htm
35,N130,130_original.jpg,130_highlighted.jpg,London,1930,https://www.bryandouglas.co.uk/silverware/trophies/b7518/b7518b.htm
36,N131,131_original.jpg,131_highlighted.jpg,Birmingham,1922,https://www.bryandouglas.co.uk/silverware/trophies/l0184/l0184b.htm
37,N132,132_original.jpg,132_highlighted.jpg,London,1910,https://www.bryandouglas.co.uk/silverware/trophies/j2927/j2927b.htm
38,N133,133_original.jpg,133_highlighted.jpg,Sheffield,1904,https://www.bryandouglas.co.uk/silverware/trophies/l1473/l1473b.htm
39,N134,134_original.jpg,134_highlighted.jpg,Sheffield,1921,https://www.bryandouglas.co.uk/silverware/trophies/b9163/b9163b.htm
40,N135,135_original.jpg,135_highlighted.jpg,Sheffield,1910,https://www.bryandouglas.co.uk/silverware/trophies/b6762/b6762b.htm
41,N136,136_original.jpg,136_highlighted.jpg,Birmingham,1927,https://www.bryandouglas.co.uk/silverware/trophies/b0789/b0789b.htm
42,N137,137_original.jpg,137_highlighted.jpg,London,1921,https://www.bryandouglas.co.uk/silverware/trophies/b6304/b6304b.htm
43,N138,138_original.jpg,138_highlighted.jpg,London,1839,https://www.bryandouglas.co.uk/silverware/trophies/b1867/b1867b.htm
44,N139,139_original.jpg,139_highlighted.jpg,Birmingham,1909,https://www.bryandouglas.co.uk/silverware/trophies/j6961/j6961b.htm
45,N14,14_original.jpg,14_highlighted.jpg,London,1915,https://www.bryandouglas.co.uk/silverware/brushes/d8480/d8480b.htm
46,N140,140_original.jpg,140_highlighted.jpg,London,1905,https://www.bryandouglas.co.uk/silverware/trophies/b9432/b9432b.htm
47,N141,141_original.jpg,141_highlighted.jpg,London,1861,https://www.bryandouglas.co.uk/silverware/trophies/d9511/d9511b.htm
48,N142,142_original.jpg,142_highlighted.jpg,London,1934,https://www.bryandouglas.co.uk/silverware/trophies/b8018/b8018b.htm
49,N143,143_original.jpg,143_highlighted.jpg,Sheffield,1938,https://www.bryandouglas.co.uk/silverware/trophies/l1221/l1221b.htm
50,N144,144_original.jpg,144_highlighted.jpg,London,1921,https://www.bryandouglas.co.uk/silverware/trophies/b8816/b8816b.htm
51,N145,145_original.jpg,145_highlighted.jpg,Sheffield,1876,https://www.bryandouglas.co.uk/silverware/trophies/5507/5507b.htm
52,N146,146_original.jpg,146_highlighted.jpg,London,1930,https://www.bryandouglas.co.uk/silverware/trophies/b8469/b8469b.htm
53,N147,147_original.jpg,147_highlighted.jpg,London,1925,https://www.bryandouglas.co.uk/silverware/trophies/b5012/b5012b.htm
54,N148,148_original.jpg,148_highlighted.jpg,London,1906,https://www.bryandouglas.co.uk/silverware/trophies/l0859/l0859b.htm
55,N149,149_original.jpg,149_highlighted.jpg,London,1908,https://www.bryandouglas.co.uk/silverware/trophies/l2836/l2836b.htm
56,N15,15_original.jpg,15_highlighted.jpg,Birmingham,1936,https://www.bryandouglas.co.uk/silverware/brushes/3795/3795b.htm
57,N150,150_original.jpg,150_highlighted.jpg,London,1908,https://www.bryandouglas.co.uk/silverware/trophies/b8456p/b8456pb.htm
58,N151,151_original.jpg,151_highlighted.jpg,London,1901,https://www.bryandouglas.co.uk/silverware/trays/j9984/j9984b.htm
59,N152,152_original.jpg,152_highlighted.jpg,Sheffield,1901,https://www.bryandouglas.co.uk/silverware/trays/d5971/d5971b.htm
60,N153,153_original.jpg,153_highlighted.jpg,Sheffield,1905,https://www.bryandouglas.co.uk/silverware/trays/j4614/j4614b.htm
61,N154,154_original.jpg,154_highlighted.jpg,London,1794,https://www.bryandouglas.co.uk/silverware/trays/j4263/j4263b.htm
62,N155,155_original.jpg,155_highlighted.jpg,London,1805,https://www.bryandouglas.co.uk/silverware/trays/j0662/j0662b.htm
63,N156,156_original.jpg,156_highlighted.jpg,London,1905,https://www.bryandouglas.co.uk/silverware/trays/b5898/b5898d.htm
64,N157,157_original.jpg,157_highlighted.jpg,Sheffield,1929,https://www.bryandouglas.co.uk/silverware/trays/b0554/b0554b.htm
65,N158,158_original.jpg,158_highlighted.jpg,Sheffield,1927,https://www.bryandouglas.co.uk/silverware/trays/j7637/j7637b.htm
66,N159,159_original.jpg,159_highlighted.jpg,Glasgow,1927,https://www.bryandouglas.co.uk/silverware/trays/b5157/b5157b.htm
67,N16,16_original.jpg,16_highlighted.jpg,Sheffield,1967,https://www.bryandouglas.co.uk/silverware/tea_strainers_infusers/5414/5414b.htm
68,N160,160_original.jpg,160_highlighted.jpg,Sheffield,1922,https://www.bryandouglas.co.uk/silverware/trays/j7714/j7714b.htm
69,N161,161_original.jpg,161_highlighted.jpg,Birmingham,1949,https://www.bryandouglas.co.uk/silverware/trays/j9425/j9425b.htm
70,N162,162_original.jpg,162_highlighted.jpg,Sheffield,1892,https://www.bryandouglas.co.uk/silverware/trays/b0388/b0388b.htm
71,N163,163_original.jpg,163_highlighted.jpg,Sheffield,1921,https://www.bryandouglas.co.uk/silverware/trays/b0934/b0934b.htm
72,N164,164_original.jpg,164_highlighted.jpg,Birmingham,1908,https://www.bryandouglas.co.uk/silverware/trays/b6243/b6243b.htm
73,N165,165_original.jpg,165_highlighted.jpg,Birmingham,1935,https://www.bryandouglas.co.uk/silverware/trays/b0890/b0890b.htm
74,N166,166_original.jpg,166_highlighted.jpg,London,1802,https://www.bryandouglas.co.uk/silverware/trays/l3360/l3360b.htm
75,N167,167_original.jpg,167_highlighted.jpg,London,1879,https://www.bryandouglas.co.uk/silverware/trays/b4232/b4232b.htm
76,N168,168_original.jpg,168_highlighted.jpg,Birmingham,1932,https://www.bryandouglas.co.uk/silverware/trays/j0679a/j0679ab.htm
77,N169,169_original.jpg,169_highlighted.jpg,Sheffield,1888,https://www.bryandouglas.co.uk/silverware/trays/j8665/j8665b.htm
78,N17,17_original.jpg,17_highlighted.jpg,London,1949,https://www.bryandouglas.co.uk/silverware/tea_strainers_infusers/j3113/j3113b.htm
79,N170,170_original.jpg,170_highlighted.jpg,Sheffield,1895,https://www.bryandouglas.co.uk/silverware/smoking_accessories/b4717/b4717b.htm
80,N171,171_original.jpg,171_highlighted.jpg,London,1888,https://www.bryandouglas.co.uk/silverware/smoking_accessories/d7027/d7027b.htm
81,N172,172_original.jpg,172_highlighted.jpg,Birmingham,1928,https://www.bryandouglas.co.uk/silverware/smoking_accessories/4531/4531b.htm
82,N173,173_original.jpg,173_highlighted.jpg,Birmingham,1896,https://www.bryandouglas.co.uk/silverware/smoking_accessories/b2659/b2659b.htm
83,N174,174_horiginal.jpg,174_highlighted.jpg,Birmingham,1907,https://www.bryandouglas.co.uk/silverware/smoking_accessories/5215/5215b.htm
84,N175,175_original.jpg,175_highlighted.jpg,London,1905,https://www.bryandouglas.co.uk/silverware/smoking_accessories/d5293/d5293b.htm
85,N176,176_original.jpg,176_highlighted.jpg,Birmingham,1936,https://www.bryandouglas.co.uk/silverware/smoking_accessories/3892/3892b.htm
86,N177,177_original.jpg,177_highlighted.jpg,Chester,1902,https://www.bryandouglas.co.uk/silverware/smoking_accessories/b5272/b5272b.htm
87,N178,178_original.jpg,178_highlighted.jpg,London,1899,https://www.bryandouglas.co.uk/silverware/toastracks/b3312/b3312b.htm
88,N179,179_original.jpg,179_highlighted.jpg,Sheffield,1945,https://www.bryandouglas.co.uk/silverware/toastracks/b9245/b9245b.htm
89,N18,18_original.jpg,18_highlighted.jpg,London,1964,https://www.bryandouglas.co.uk/silverware/tea_strainers_infusers/b9415/b9415b.htm
90,N180,180_original.jpg,180_highlighted.jpg,London,1825,https://www.bryandouglas.co.uk/silverware/toastracks/b5540/b5540b.htm
91,N181,181_original.jpg,181_highlighted.jpg,London,1844,https://www.bryandouglas.co.uk/silverware/toastracks/b5217/b5217b.htm
92,N182,182_original.jpg,182_highlighted.jpg,London,1860,https://www.bryandouglas.co.uk/silverware/toastracks/b5411/b5411b.htm
93,N183,183_original.jpg,183_highlighted.jpg,London,1866,https://www.bryandouglas.co.uk/silverware/toastracks/l1897/l1897b.htm
94,N184,184_original.jpg,184_highlighted.jpg,London,1799,https://www.bryandouglas.co.uk/silverware/toastracks/4748/4748b.htm
95,N185,185_original.jpg,185_highlighted.jpg,London,1821,https://www.bryandouglas.co.uk/silverware/toastracks/b9669/b9669b.htm
96,N186,186_original.jpg,186_highlighted.jpg,London,1858,https://www.bryandouglas.co.uk/silverware/toastracks/b0828/b0828b.htm
97,N187,187_original.jpg,187_highlighted.jpg,Sheffield,1898,https://www.bryandouglas.co.uk/silverware/toastracks/4937/4937b.htm
98,N188,188_original.jpg,188_highlighted.jpg,London,1883,https://www.bryandouglas.co.uk/silverware/toastracks/b5682/b5682b.htm
99,N189,189_original.jpg,189_highlighted.jpg,Sheffield,1901,https://www.bryandouglas.co.uk/silverware/toastracks/b5150/b5150b.htm
100,N19,19_original.jpg,19_highlighted.jpg,Birmingham,1952,https://www.bryandouglas.co.uk/silverware/tea_strainers_infusers/l3813/l3813b.htm
101,N190,190_original.jpg,190_highlighted.jpg,Sheffield,1886,https://www.bryandouglas.co.uk/silverware/toastracks/5052/5052b.htm
102,N191,191_original.jpg,191_highlighted.jpg,London,1883,https://www.bryandouglas.co.uk/silverware/toastracks/b0899/b0899b.htm
103,N192,192_original.jpg,192_highlighted.jpg,London,1903,https://www.bryandouglas.co.uk/silverware/toastracks/5374/5374b.htm
104,N193,193_original.jpg,193_highlighted.jpg,Sheffield,1934,https://www.bryandouglas.co.uk/silverware/toastracks/5356/5356b.htm
105,N194,194_original.jpg,194_highlighted.jpg,Sheffield,1966,https://www.bryandouglas.co.uk/silverware/toastracks/5072/5072b.htm
106,N195,195_original.jpg,195_highlighted.jpg,London,1912,https://www.bryandouglas.co.uk/silverware/toastracks/l2421/l2421b.htm
107,N196,196_original.jpg,196_highlighted.jpg,Sheffield,1909,https://www.bryandouglas.co.uk/silverware/toastracks/j9789/j9789b.htm
108,N197,197_original.jpg,197_highlighted.jpg,London,1861,https://www.bryandouglas.co.uk/silverware/toastracks/l0240/l0240b.htm
109,N198,198_original.jpg,198_highlighted.jpg,Birmingham,1834,https://www.bryandouglas.co.uk/silverware/toastracks/l2046/l2046b.htm
110,N199,199_original.jpg,199_highlighted.jpg,London,1816,https://www.bryandouglas.co.uk/silverware/toastracks/b6904/b6904b.htm
111,N2,2_original.jpg,2_highlighted.jpg,Birmingham,1912,http://www.leopardantiques.com/object/stock/detail/827
112,N20,20_original.jpg,20_highlighted.jpg,Birmingham,1937,https://www.bryandouglas.co.uk/silverware/tea_strainers_infusers/b9961a/b9961ab.htm
113,N200,200_original.jpg,200_highlighted.jpg,Sheffield,1852,https://www.bryandouglas.co.uk/silverware/toastracks/l2046a/l2046ab.htm
114,N201,201_original.jpg,201_highlighted.jpg,Sheffield,1893,https://www.bryandouglas.co.uk/silverware/toastracks/5499/5499b.htm
115,N202,202_original.jpg,202_highlighted.jpg,Sheffield,1937,https://www.bryandouglas.co.uk/silverware/toastracks/j3478/j3478b.htm
116,N203,203_original.jpg,203_highlighted.jpg,Sheffield,1904,https://www.bryandouglas.co.uk/silverware/toastracks/l1584/l1584b.htm
117,N204,204_original.jpg,203_highlighted.jpg,Sheffield,1916,https://www.bryandouglas.co.uk/silverware/toastracks/j8647/j8647b.htm
118,N205,205_original.jpg,205_highlighted.jpg,London,1928,https://www.bryandouglas.co.uk/silverware/toastracks/5517/5517b.htm
119,N206,206_original.jpg,206_highlighted.jpg,Sheffield,1925,https://www.bryandouglas.co.uk/silverware/tea_coffee_spoons/5211/5211b.htm
120,N207,207_original.jpg,207_highlighted.jpg,Sheffield,1931,https://www.bryandouglas.co.uk/silverware/tea_coffee_spoons/b6465a/b6465ab.htm
121,N208,208_original.jpg,208_highlighted.jpg,Sheffield,1904,https://www.bryandouglas.co.uk/silverware/tea_coffee_spoons/5162/5162b.htm
122,N209,209_original.jpg,209_highlighted.jpg,London,1894,https://www.bryandouglas.co.uk/silverware/tea_coffee_spoons/b5851/b5851b.htm
123,N21,21_original.jpg,21_highlighted.jpg,London,1925,https://www.bryandouglas.co.uk/silverware/wine_tasters/5549/5549b.htm
124,N210,210_original.jpg,210_highlighted.jpg,Glasgow,1877,https://www.bryandouglas.co.uk/silverware/tea_coffee_spoons/4570/4570b.htm
125,N211,211_original.jpg,210_highlighted.jpg,London,1790,https://www.bryandouglas.co.uk/silverware/tea_sets/e9071/e9071b.htm
126,N212,212_original.jpg,210_highlighted.jpg,London,1821,https://www.bryandouglas.co.uk/silverware/tea_sets/j9670/j9670b.htm
127,N213,213_original.jpg,213_highlighted.jpg,London,1813,https://www.bryandouglas.co.uk/silverware/tea_sets/b1747/b1747b.htm
128,N214,214_original.jpg,214_highlighted.jpg,London,1847,https://www.bryandouglas.co.uk/silverware/tea_sets/b1917/b1917b.htm
129,N215,215_original.jpg,215_highlighted.jpg,London,1825,https://www.bryandouglas.co.uk/silverware/tea_sets/b1625/b1625b.htm
130,N216,216_original.jpg,216_highlighted.jpg,Sheffield,1905,https://www.bryandouglas.co.uk/silverware/tea_sets/b1108/b1108b.htm
131,N217,217_original.jpg,217_highlighted.jpg,Birmingham,1936,https://www.bryandouglas.co.uk/silverware/tea_sets/5426/5426b.htm
132,N218,218_original.jpg,218_highlighted.jpg,London,1889,https://www.bryandouglas.co.uk/silverware/tea_sets/b9624/b9624b.htm
133,N219,219_original.jpg,219_highlighted.jpg,Birmingham,1900,https://www.bryandouglas.co.uk/silverware/tea_sets/b3683/b3683b.htm
134,N22,22_original.jpg,22_highlighted.jpg,London,1799,https://www.bryandouglas.co.uk/silverware/wine_funnels/j3013/j3013b.htm
135,N220,220_original.jpg,220_highlighted.jpg,London,1876,https://www.bryandouglas.co.uk/silverware/tea_sets/b5672/b5672b.htm
136,N221,221_original.jpg,221_highlighted.jpg,London,1972,https://www.bryandouglas.co.uk/silverware/tea_sets/b0949/b0949b.htm
137,N222,222_original.jpg,222_highlighted.jpg,London,1904,https://www.bryandouglas.co.uk/silverware/tea_sets/b7834/b7834b.htm
138,N223,223_original.jpg,223_highlighted.jpg,London,1889,https://www.bryandouglas.co.uk/silverware/tea_sets/5055/5055b.htm
139,N224,224_original.jpg,224_highlighted.jpg,Sheffield,1896,https://www.bryandouglas.co.uk/silverware/tea_sets/4758/4758b.htm
140,N225,225_original.jpg,225_highlighted.jpg,Chester,1903,https://www.bryandouglas.co.uk/silverware/tea_sets/5082/5082b.htm
141,N226,226_original.jpg,226_highlighted.jpg,Chester,1894,https://www.bryandouglas.co.uk/silverware/tea_sets/j4486/j4486b.htm
142,N227,227_original.jpg,227_highlighted.jpg,Sheffield,1903,https://www.bryandouglas.co.uk/silverware/tea_sets/b5364/b5364b.htm
143,N228,228_original.jpg,228_highlighted.jpg,London,1910,https://www.bryandouglas.co.uk/silverware/teapot_stands/4143/4143b.htm
144,N229,229_original.jpg,229_highlighted.jpg,Sheffield,1918,https://www.bryandouglas.co.uk/silverware/tea_sets/j8673/j8673b.htm
145,N23,23_original.jpg,23_highlighted.jpg,London,1808,https://www.bryandouglas.co.uk/silverware/wine_funnels/b8911/b8911b.htm
146,N230,230_original.jpg,230_highlighted.jpg,Birmingham,1938,https://www.bryandouglas.co.uk/silverware/tea_sets/l0765/l0765b.htm
147,N231,231_original.jpg,231_highlighted.jpg,London,1813,https://www.bryandouglas.co.uk/silverware/teapot_stands/d3054/d3054b.htm
148,N232,232_original.jpg,232_highlighted.jpg,London,1792,https://www.bryandouglas.co.uk/silverware/teapot_stands/b0054/b0054c.htm
149,N233,233_original.jpg,233_highlighted.jpg,London,1789,https://www.bryandouglas.co.uk/silverware/teapot_stands/4824/4824b.htm
150,N234,234_original.jpg,234_highlighted.jpg,London,1836,https://www.bryandouglas.co.uk/silverware/teapot_stands/4432/4432b.htm
151,N235,235_original.jpg,235_highlighted.jpg,London,1806,https://www.bryandouglas.co.uk/silverware/teapot_stands/4125/4125b.htm
152,N236,236_original.jpg,236_highlighted.jpg,London,1792,https://www.bryandouglas.co.uk/silverware/teapot_stands/4176/4176b.htm
153,N237,237_original.jpg,237_highlighted.jpg,London,1791,https://www.bryandouglas.co.uk/silverware/teapot_stands/b9298/b9298b.htm
154,N238,238_original.jpg,238_highlighted.jpg,Edinburgh,1901,https://www.bryandouglas.co.uk/silverware/teapot_stands/j5497/j5497b.htm
155,N239,239_original.jpg,239_highlighted.jpg,London,1905,https://www.bryandouglas.co.uk/silverware/teapot_stands/b8885/b8885b.htm
156,N24,24_original.jpg,24_highlighted.jpg,London,1811,https://www.bryandouglas.co.uk/silverware/wine_funnels/j9164/j9164b.htm
157,N240,240_original.jpg,240_highlighted.jpg,Sheffield,1919,https://www.bryandouglas.co.uk/silverware/teapot_stands/b0783/b0783b.htm
158,N241,241_original.jpg,241_highlighted.jpg,Birmingham,1896,https://www.bryandouglas.co.uk/silverware/teapot_stands/b2926/b2926b.htm
159,N242,242_original.jpg,242_highlighted.jpg,Edinburgh,1894,https://www.bryandouglas.co.uk/silverware/teapot_stands/5080/5080b.htm
160,N243,243_original.jpg,243_highlighted.jpg,London,1730,https://www.bryandouglas.co.uk/silverware/teapots/j9240/j9240b.htm
161,N244,244_original.jpg,244_highlighted.jpg,London,1794,https://www.bryandouglas.co.uk/silverware/teapots/j9044/j9044b.htm
162,N245,245_original.jpg,245_highlighted.jpg,LOndon,1790,https://www.bryandouglas.co.uk/silverware/teapots/5203/5203b.htm
163,N246,246_original.jpg,246_highlighted.jpg,London,1800,https://www.bryandouglas.co.uk/silverware/teapots/d9842/d9842b.htm
164,N247,247_original.jpg,247_highlighted.jpg,London,1802,https://www.bryandouglas.co.uk/silverware/teapots/4649/4649b.htm
165,N248,248_original.jpg,248_highlighted.jpg,London,1791,https://www.bryandouglas.co.uk/silverware/teapots/l0427/l0427b.htm
166,N249,249_original.jpg,249_highlighted.jpg,London,1787,https://www.bryandouglas.co.uk/silverware/teapots/d3609/d3609b.htm
167,N25,25_original.jpg,25_highlighted.jpg,London,1816,https://www.bryandouglas.co.uk/silverware/wine_funnels/3883/3883b.htm
168,N250,250_original.jpg,250_highlighted.jpg,London,1797,https://www.bryandouglas.co.uk/silverware/teapots/b9197/b9197b.htm
169,N251,251_original.jpg,251_highlighted.jpg,Edinburgh,1797,https://www.bryandouglas.co.uk/silverware/teapots/4197/4197b.htm
170,N252,252_original.jpg,252_highlighted.jpg,London,1795,https://www.bryandouglas.co.uk/silverware/teapots/b0628/b0628b.htm
171,N253,253_original.jpg,253_highlighted.jpg,London,1780,https://www.bryandouglas.co.uk/silverware/teapots/l0387/l0387b.htm
172,N254,254_original.jpg,254_highlighted.jpg,London,1837,https://www.bryandouglas.co.uk/silverware/teapots/b2255/b2255b.htm
173,N255,255_original.jpg,255_highlighted.jpg,LOndon,1860,https://www.bryandouglas.co.uk/silverware/teapots/b0396/b0396b.htm
174,N256,256_original.jpg,256_highlighted.jpg,London,1828,https://www.bryandouglas.co.uk/silverware/teapots/b4229/b4229b.htm
175,N257,257_original.jpg,257_highlighted.jpg,London,1785,https://www.bryandouglas.co.uk/silverware/teapots/b9611/b9611b.htm
176,N258,258_original.jpg,258_highlighted.jpg,London,1797,https://www.bryandouglas.co.uk/silverware/teapots/b3383/b3383b.htm
177,N259,259_original.jpg,259_highlighted.jpg,London,1816,https://www.bryandouglas.co.uk/silverware/teapots/b0571/b0571b.htm
178,N26,26_original.jpg,26_highlighted.jpg,London,1801,https://www.bryandouglas.co.uk/silverware/wine_funnels/4999/4999b.htm
179,N260,260_original.jpg,260_highlighted.jpg,London,1803,https://www.bryandouglas.co.uk/silverware/teapots/b8672/b8672b.htm
180,N261,261_original.jpg,261_highlighted.jpg,London,1828,https://www.bryandouglas.co.uk/silverware/teapots/b8217/b8217b.htm
181,N262,262_original.jpg,262_highlighted.jpg,London,1789,https://www.bryandouglas.co.uk/silverware/teapots/b5220/b5220b.htm
182,N263,263_original.jpg,263_highlighted.jpg,London,1802,https://www.bryandouglas.co.uk/silverware/teapots/4863/4863b.htm
183,N264,264_original.jpg,264_highlighted.jpg,London,1780,https://www.bryandouglas.co.uk/silverware/teapots/b8855/b8855b.htm
184,N265,265_original.jpg,265_highlighted.jpg,London,1885,https://www.bryandouglas.co.uk/silverware/teapots/b1335/b1335b.htm
185,N266,266_original.jpg,266_highlighted.jpg,London,1868,https://www.bryandouglas.co.uk/silverware/teapots/b4907/b4907b.htm
186,N267,267_original.jpg,267_highlighted.jpg,London,1804,https://www.bryandouglas.co.uk/silverware/goblets/j7759/j7759b.htm
187,N268,268_original.jpg,268_highlighted.jpg,London,1824,https://www.bryandouglas.co.uk/silverware/teapots/b8746/b8746b.htm
188,N269,269_original.jpg,269_highlighted.jpg,Sheffield,1942,https://www.bryandouglas.co.uk/silverware/teapots/b1222p/b1222pb.htm
189,N27,27_original.jpg,27_highlighted.jpg,London,1802,https://www.bryandouglas.co.uk/silverware/wine_funnels/b2017/b2017b.htm
190,N270,270_original.jpg,270_highlighted.jpg,Sheffield,1909,https://www.bryandouglas.co.uk/silverware/teapots/b7981/b7981b.htm
191,N271,271_original.jpg,271_highlighted.jpg,London,1905,https://www.bryandouglas.co.uk/silverware/teapots/l2485/l2485b.htm
192,N272,272_original.jpg,272_highlighted.jpg,Chester,1934,https://www.bryandouglas.co.uk/silverware/teapots/l0363/l0363b.htm
193,N273,273_original.jpg,273_highlighted.jpg,London,1819,https://www.bryandouglas.co.uk/silverware/teapots/b3788/b3788b.htm
194,N274,274_original.jpg,274_highlighted.jpg,London,1908,https://www.bryandouglas.co.uk/silverware/teapots/b8790/b8790b.htm
195,N275,275_original.jpg,275_highlighted.jpg,Sheffield,1922,https://www.bryandouglas.co.uk/silverware/teapots/b3315/b3315b.htm
196,N276,276_original.jpg,276_highlighted.jpg,Sheffield,1906,https://www.bryandouglas.co.uk/silverware/teapots/b3857/b3857b.htm
197,N277,277_original.jpg,277_highlighted.jpg,Glasgow,1928,https://www.bryandouglas.co.uk/silverware/teapots/5197b/5197bb.htm
198,N278,278_original.jpg,278_highlighted.jpg,Birmingham,1929,https://www.bryandouglas.co.uk/silverware/teapots/b6782/b6782b.htm
199,N279,279_original.jpg,279_highlighted.jpg,London,1794,https://www.bryandouglas.co.uk/silverware/teapots/j9316/j9316b.htm
200,N28,28_original.jpg,28_highlighted.jpg,Edinburgh,1893,https://www.bryandouglas.co.uk/silverware/water_jugs/d2036/d2036b.htm
201,N280,280_original.jpg,280_highlighted.jpg,London,1794,https://www.bryandouglas.co.uk/silverware/teapots/l2430/l2430b.htm
202,N281,281_original.jpg,281_highlighted.jpg,Exeter,1801,https://www.bryandouglas.co.uk/silverware/teapots/5459/5459b.htm
203,N282,282_original.jpg,282_highlighted.jpg,London,1899,https://www.bryandouglas.co.uk/silverware/teapots/5316/5316b.htm
204,N283,283_original.jpg,283_highlighted.jpg,London,1789,https://www.bryandouglas.co.uk/silverware/teapots/l1376/l1376b.htm
205,N284,284_original.jpg,284_highlighted.jpg,London,1921,https://www.bryandouglas.co.uk/silverware/teapots/b8780/b8780b.htm
206,N285,285_original.jpg,285_highlighted.jpg,Chester,1933,https://www.bryandouglas.co.uk/silverware/teapots/b9260/b9260b.htm
207,N286,286_original.jpg,286_highlighted.jpg,London,1926,https://www.bryandouglas.co.uk/silverware/teapots/l2854/l2854b.htm
208,N287,287_original.jpg,287_highlighted.jpg,Birmingham,1902,https://www.bryandouglas.co.uk/silverware/teapots/l2423/l2423b.htm
209,N288,288_original.jpg,288_highlighted.jpg,London,1900,https://www.bryandouglas.co.uk/silverware/teapots/b8387/b8387b.htm
210,N289,289_original.jpg,289_highlighted.jpg,Birmingham,1904,https://www.bryandouglas.co.uk/silverware/teapots/b8506/b8506b.htm
211,N29,29_original.jpg,29_highlighted.jpg,Sheffield,1936,https://www.bryandouglas.co.uk/silverware/water_jugs/b2316/b2316b.htm
212,N290,290_original.jpg,290_highlighted.jpg,Chester,1897,https://www.bryandouglas.co.uk/silverware/teapots/l3801/l3801b.htm
213,N3,3_original.jpg,3_highlighted.jpg,Sheffield,1828,https://www.1stdibs.com/furniture/dining-entertaining/tableware/very-good-set-of-four-george-iv-silver-wine-coasters-sheffield-1828/id-f_12755891/
214,N30,30_original.jpg,30_highlighted.jpg,Birmingham,1933,https://www.bryandouglas.co.uk/silverware/water_jugs/j8835/j8835b.htm
215,N31,31_original.jpg,31_highlighted.jpg,London,1873,https://www.bryandouglas.co.uk/silverware/water_jugs/d8878/d8878b.htm
216,N32,32_original.jpg,32_highlighted.jpg,London,1895,https://www.bryandouglas.co.uk/silverware/water_jugs/l0504/l0504b.htm
217,N33,33_original.jpg,33_highlighted.jpg,London,1871,https://www.bryandouglas.co.uk/silverware/water_jugs/j5556/j5556b.htm
218,N34,34_original.jpg,34_highlighted.jpg,London,1975,https://www.bryandouglas.co.uk/silverware/water_jugs/l2095/l2095b.htm
219,N35,35_original.jpg,35_highlighted.jpg,London,1754,https://www.bryandouglas.co.uk/silverware/water_jugs/b9739/b9739b.htm
220,N36,36_original.jpg,36_highlighted.jpg,Edinburgh,1837,https://www.bryandouglas.co.uk/silverware/wine_ewers/j3151/j3151b.htm
221,N37,37_original.jpg,37_highlighted.jpg,London,1869,https://www.bryandouglas.co.uk/silverware/wine_ewers/j4298/j4298b.htm
222,N38,38_original.jpg,38_highlighted.jpg,London,1850,https://www.bryandouglas.co.uk/silverware/wine_ewers/4953/4953b.htm
223,N39,39_original.jpg,39_highlighted.jpg,London,1896,https://www.bryandouglas.co.uk/silverware/wine_ewers/j9621/j9621b.htm
224,N4,4_original.jpg,4_highlighted.jpg,London,1924,https://www.bryandouglas.co.uk/silverware/menorahs/b7934/b7934a.htm
225,N40,40_original.jpg,40_highlighted.jpg,London,1784,https://www.bryandouglas.co.uk/silverware/wine_ewers/5498/5498b.htm
226,N41,41_original.jpg,41_highlighted.jpg,Sheffield,1844,https://www.bryandouglas.co.uk/silverware/wine_ewers/4485/4485b.htm
227,N42,42_original.jpg,42_highlighted.jpg,Birmingham,1918,https://www.bryandouglas.co.uk/silverware/water_jugs/j4221/j4221b.htm
228,N43,43_original.jpg,43_highlighted.jpg,London,1820,https://www.bryandouglas.co.uk/silverware/wine_funnels/l0569/l0569b.htm
229,N44,44_original.jpg,44_highlighted.jpg,London,1971,https://www.bryandouglas.co.uk/silverware/wine_tasters/4036/4036b.htm
230,N45,45_original.jpg,45_highlighted.jpg,London,1791,https://www.bryandouglas.co.uk/silverware/wine_funnels/e9096/e9096b.htm
231,N46,46_original.jpg,46_highlighted.jpg,London,1823,https://www.bryandouglas.co.uk/silverware/wine-labels/j3573/j3573b.htm
232,N47,47_original.jpg,47_highlighted.jpg,London,1939,https://www.bryandouglas.co.uk/silverware/water_jugs/b3441/b3441b.htm
233,N48,48_original.jpg,48_highlighted.jpg,Edinburgh,1811,https://www.bryandouglas.co.uk/silverware/water_jugs/j8151/j8151b.htm
234,N49,49_original.jpg,49_highlighted.jpg,Sheffield,1872,https://www.bryandouglas.co.uk/silverware/water_jugs/b3678/b3678b.htm
235,N5,5_original.jpg,5_highlighted.jpg,Chester,1921,https://www.bryandouglas.co.uk/silverware/flasks/b5871/b5871b.htm
236,N50,50_original.jpg,50_highlighted.jpg,London,1765,https://www.bryandouglas.co.uk/silverware/water_jugs/b4728/b4728b.htm
237,N51,51_original.jpg,51_highlighted.jpg,London,1915,https://www.bryandouglas.co.uk/silverware/wine_coasters/l0711/l0711b.htm
238,N52,52_original.jpg,52_highlighted.jpg,London,1973,https://www.bryandouglas.co.uk/silverware/wine_coasters/b6546/b6546b.htm
239,N53,53_original.jpg,53_highlighted.jpg,London,1960,https://www.bryandouglas.co.uk/silverware/wine_coasters/l0213/l0213b.htm
240,N54,54_original.jpg,54_highlighted.jpg,Birmingham,1988,https://www.bryandouglas.co.uk/silverware/wine_coasters/b9907/b9907b.htm
241,N55,55_original.jpg,55_highlighted.jpg,London,1808,https://www.bryandouglas.co.uk/silverware/wine_coasters/l0227/l0227b.htm
242,N56,56_original.jpg,56_highlighted.jpg,London,1772,https://www.bryandouglas.co.uk/silverware/wine_coasters/j9960/j9960b.htm
243,N57,57_original.jpg,57_highlighted.jpg,London,1913,https://www.bryandouglas.co.uk/silverware/wine_coasters/4551/4551b.htm
244,N58,58_original.jpg,58_highlighted.jpg,London,1797,https://www.bryandouglas.co.uk/silverware/wine_coasters/b2740/b2740b.htm
245,N59,59_original.jpg,59_highlighted.jpg,London,1804,https://www.bryandouglas.co.uk/silverware/wine_coasters/b9469/b9469b.htm
246,N6,6_original.jpg,6_highlighted.jpg,London,1914,https://www.bryandouglas.co.uk/silverware/flasks/b7139/b7139b.htm
247,N60,60_original.jpg,60_highlighted.jpg,Sheffield,1814,https://www.bryandouglas.co.uk/silverware/wine_coasters/j8530/j8530b.htm
248,N61,61_original.jpg,61_highlighted.jpg,Sheffield,1776,https://www.bryandouglas.co.uk/silverware/wine_coasters/4431/4431b.htm
249,N62,62_original.jpg,62_highlighted.jpg,London,1775,https://www.silvermakersmarks.co.uk/Dates/London/Date%20Letters%20U.html
250,N63,63_original.jpg,63_highlighted.jpg,London,1897,https://www.bryandouglas.co.uk/silverware/mirrors/j6726/j6726b.htm
251,N64,64_original.jpg,64_highlighted.jpg,Birmingham,1908,https://www.bryandouglas.co.uk/silverware/mirrors/b9102/b9102b.htm
252,N65,65_original.jpg,65_highlighted.jpg,London,1893,https://www.bryandouglas.co.uk/silverware/mirrors/b2638/b2638b.htm
253,N66,66_original.jpg,66_highlighted.jpg,Birmingham,1925,https://www.bryandouglas.co.uk/silverware/vesta-cases/j0798/j0798b.htm
254,N67,67_original.jpg,67_highlighted.jpg,Birmingham,1907,https://www.bryandouglas.co.uk/silverware/vases/b8590/b8590b.htm
255,N68,68_original.jpg,68_highlighted.jpg,London,1894,https://www.bryandouglas.co.uk/silverware/vases/l2927/l2927b.htm
256,N69,69_original.jpg,69_highlighted.jpg,London,1931,https://www.bryandouglas.co.uk/silverware/vases/l1609/l1609b.htm
257,N7,7_original.jpg,7_highlighted.jpg,Birmingham,1924,https://www.bryandouglas.co.uk/silverware/flasks/b7270/b7270b.htm
258,N70,70_original.jpg,70_highlighted.jpg,Sheffield,1904,https://www.bryandouglas.co.uk/silverware/vases/l3354/l3354b.htm
259,N71,71_original.jpg,71_highlighted.jpg,Birmingham,1901,https://www.bryandouglas.co.uk/silverware/vases/l0844/l0844b.htm
260,N72,72_original.jpg,72_highlighted.jpg,London,1892,https://www.bryandouglas.co.uk/silverware/vases/l2334/l2334b.htm
261,N73,73_original.jpg,73_highlighted.jpg,Birmingham,1885,https://www.bryandouglas.co.uk/silverware/vases/b8348/b8348b.htm
262,N74,74_original.jpg,74_highlighted.jpg,London,1890,https://www.bryandouglas.co.uk/silverware/vases/l2926/l2926b.htm
263,N75,75_original.jpg,75_highlighted.jpg,Dublin,1903,https://www.bryandouglas.co.uk/silverware/vases/l2700/l2700b.htm
264,N76,76_original.jpg,76_highlighted.jpg,London,1900,https://www.bryandouglas.co.uk/silverware/vases/l1492/l1492b.htm
265,N77,77_original.jpg,77_highlighted.jpg,London,1894,https://www.bryandouglas.co.uk/silverware/vases/l0729/l0729b.htm
266,N78,78_original.jpg,78_highlighted.jpg,Sheffield,1921,https://www.bryandouglas.co.uk/silverware/vases/b1408/b1408b.htm
267,N79,79_original.jpg,79_highlighted.jpg,Sheffield,1904,https://www.bryandouglas.co.uk/silverware/vases/b5518/b5518b.htm
268,N8,8_original.jpg,8_highlighted.jpg,London,1899,https://www.bryandouglas.co.uk/silverware/flasks/l0597/l0597b.htm
269,N80,80_original.jpg,80_highlighted.jpg,Sheffield,1897,https://www.bryandouglas.co.uk/silverware/vases/b0553/b0553b.htm
270,N81,81_original.jpg,81_highlighted.jpg,Birmingham,1901,https://www.bryandouglas.co.uk/silverware/vases/b8800/b8800b.htm
271,N82,82_original.jpg,82_highlighted.jpg,Sheffield,1895,https://www.bryandouglas.co.uk/silverware/vases/b9483/b9483b.htm
272,N83,83_original.jpg,83_highlighted.jpg,Sheffield,1906,https://www.bryandouglas.co.uk/silverware/vases/l0783/l0783b.htm
273,N84,84_original.jpg,83_highlighted.jpg,London,1901,https://www.bryandouglas.co.uk/silverware/vases/b8189/b8189b.htm
274,N85,85_original.jpg,85_highlighted.jpg,Birmingham,1911,https://www.bryandouglas.co.uk/silverware/vases/b7025/b7025b.htm
275,N86,86_original.jpg,86_highlighted.jpg,Sheffield,1892,https://www.bryandouglas.co.uk/silverware/vases/b8971/b8971b.htm
276,N87,87_original.jpg,87_highlighted.jpg,Sheffield,1919,https://www.bryandouglas.co.uk/silverware/vases/l2374/l2374b.htm
277,N88,88_original.jpg,88_highlighted.jpg,London,1910,https://www.bryandouglas.co.uk/silverware/vases/b8041/b8041b.htm
278,N89,89_original.jpg,89_highlighted.jpg,Birmingham,1902,https://www.bryandouglas.co.uk/silverware/vases/l1366/l1366b.htm
279,N9,9_original.jpg,9_highlighted.jpg,Sheffield,1887,https://www.bryandouglas.co.uk/silverware/flasks/5572/5572b.htm
280,N90,90_original.jpg,90_highlighted.jpg,Birmingham,1918,https://www.bryandouglas.co.uk/silverware/vases/b5793/b5793b.htm
281,N91,91_original.jpg,91_highlighted.jpg,London,1905,https://www.bryandouglas.co.uk/silverware/vases/b4560/b4560b.htm
282,N92,92_original.jpg,92_highlighted.jpg,London,1897,https://www.bryandouglas.co.uk/silverware/vases/b4979/b4979b.htm
283,N93,93_original.jpg,93_highlighted.jpg,Birmingham,1938,https://www.bryandouglas.co.uk/silverware/vases/l1041/l1041b.htm
284,N94,94_original.jpg,94_highlighted.jpg,Chester,1918,https://www.bryandouglas.co.uk/silverware/vases/b7112/b7112b.htm
285,N95,95_original.jpg,95_highlighted.jpg,Chester,1902,https://www.bryandouglas.co.uk/silverware/vases/b8876/b8876b.htm
286,N96,96_original.jpg,96_highlighted.jpg,London,1898,https://www.bryandouglas.co.uk/silverware/vases/b7033/b7033b.htm
287,N97,97_original.jpg,97_highlighted.jpg,London,1901,https://www.bryandouglas.co.uk/silverware/vases/b1102/b1102b.htm
288,N98,98_original.jpg,98_highlighted.jpg,London,1889,https://www.bryandouglas.co.uk/silverware/vases/b0541/b0541b.htm
289,N99,99_original.jpg,99_highlighted.jpg,London,1887,https://www.bryandouglas.co.uk/silverware/vases/b9221/b9221b.htm
