,ImageName,bbox,left_x,top_y,bbox_width,bbox_height
0,1_original.jpg,"{""name"":""rect"",""x"":1123,""y"":775,""width"":134,""height"":52}",1123,775,134,52
1,2_original.jpg,"{""name"":""rect"",""x"":520,""y"":414,""width"":564,""height"":190}",520,414,564,190
2,3_original.jpg,"{""name"":""rect"",""x"":442,""y"":236,""width"":370,""height"":120}",442,236,370,120
3,4_original.jpg,"{""name"":""rect"",""x"":517,""y"":411,""width"":404,""height"":173}",517,411,404,173
4,5_original.jpg,"{""name"":""rect"",""x"":340,""y"":227,""width"":470,""height"":174}",340,227,470,174
5,6_original.jpg,"{""name"":""rect"",""x"":311,""y"":203,""width"":406,""height"":152}",311,203,406,152
6,7_original.jpg,"{""name"":""rect"",""x"":381,""y"":170,""width"":624,""height"":264}",381,170,624,264
7,8_original.jpg,"{""name"":""rect"",""x"":560,""y"":273,""width"":65,""height"":183}",560,273,65,183
8,9_original.jpg,"{""name"":""rect"",""x"":318,""y"":208,""width"":487,""height"":159}",318,208,487,159
9,10_original.jpg,"{""name"":""rect"",""x"":306,""y"":182,""width"":131,""height"":129}",306,182,131,129
10,11_original.jpg,"{""name"":""rect"",""x"":225,""y"":175,""width"":135,""height"":90}",225,175,135,90
11,12_original.jpg,"{""name"":""rect"",""x"":184,""y"":149,""width"":252,""height"":95}",184,149,252,95
12,13_original.jpg,"{""name"":""rect"",""x"":258,""y"":159,""width"":144,""height"":73}",258,159,144,73
13,14_original.jpg,"{""name"":""rect"",""x"":202,""y"":182,""width"":207,""height"":78}",202,182,207,78
14,15_original.jpg,"{""name"":""rect"",""x"":89,""y"":138,""width"":329,""height"":201}",89,138,329,201
15,16_original.jpg,"{""name"":""rect"",""x"":174,""y"":126,""width"":297,""height"":98}",174,126,297,98
16,17_original.jpg,"{""name"":""rect"",""x"":124,""y"":227,""width"":410,""height"":101}",124,227,410,101
17,18_original.jpg,"{""name"":""rect"",""x"":111,""y"":95,""width"":148,""height"":95}",111,95,148,95
18,19_original.jpg,"{""name"":""rect"",""x"":167,""y"":241,""width"":108,""height"":60}",167,241,108,60
19,20_original.jpg,"{""name"":""rect"",""x"":285,""y"":200,""width"":148,""height"":54}",285,200,148,54
20,21_original.jpg,"{""name"":""rect"",""x"":187,""y"":211,""width"":228,""height"":78}",187,211,228,78
21,22_original.jpg,"{""name"":""rect"",""x"":240,""y"":127,""width"":193,""height"":75}",240,127,193,75
22,23_original.jpg,"{""name"":""rect"",""x"":197,""y"":365,""width"":635,""height"":224}",197,365,635,224
23,24_original.jpg,"{""name"":""rect"",""x"":350,""y"":309,""width"":235,""height"":290}",350,309,235,290
24,25_original.jpg,"{""name"":""rect"",""x"":259,""y"":379,""width"":124,""height"":56}",259,379,124,56
25,26_original.jpg,"{""name"":""rect"",""x"":644,""y"":540,""width"":107,""height"":101}",644,540,107,101
26,27_original.jpg,"{""name"":""rect"",""x"":464,""y"":175,""width"":144,""height"":331}",464,175,144,331
27,28_original.jpg,"{""name"":""rect"",""x"":172,""y"":260,""width"":174,""height"":56}",172,260,174,56
28,29_original.jpg,"{""name"":""rect"",""x"":494,""y"":319,""width"":534,""height"":149}",494,319,534,149
29,30_original.jpg,"{""name"":""rect"",""x"":305,""y"":360,""width"":341,""height"":147}",305,360,341,147
30,31_original.jpg,"{""name"":""rect"",""x"":273,""y"":119,""width"":157,""height"":83}",273,119,157,83
31,32_original.jpg,"{""name"":""rect"",""x"":183,""y"":260,""width"":195,""height"":141}",183,260,195,141
32,33_original.jpg,"{""name"":""rect"",""x"":168,""y"":188,""width"":147,""height"":192}",168,188,147,192
33,34_original.jpg,"{""name"":""rect"",""x"":119,""y"":129,""width"":125,""height"":238}",119,129,125,238
34,35_original.jpg,"{""name"":""rect"",""x"":269,""y"":301,""width"":135,""height"":90}",269,301,135,90
35,36_original.jpg,"{""name"":""rect"",""x"":157,""y"":218,""width"":298,""height"":76}",157,218,298,76
36,37_original.jpg,"{""name"":""rect"",""x"":368,""y"":168,""width"":538,""height"":234}",368,168,538,234
37,38_original.jpg,"{""name"":""rect"",""x"":233,""y"":250,""width"":201,""height"":59}",233,250,201,59
38,39_original.jpg,"{""name"":""rect"",""x"":623,""y"":291,""width"":409,""height"":136}",623,291,409,136
39,40_original.jpg,"{""name"":""rect"",""x"":155,""y"":159,""width"":310,""height"":84}",155,159,310,84
40,41_original.jpg,"{""name"":""rect"",""x"":391,""y"":249,""width"":359,""height"":133}",391,249,359,133
41,42_original.jpg,"{""name"":""rect"",""x"":102,""y"":85,""width"":583,""height"":403}",102,85,583,403
42,43_original.jpg,"{""name"":""rect"",""x"":135,""y"":210,""width"":106,""height"":141}",135,210,106,141
43,44_original.jpg,"{""name"":""rect"",""x"":190,""y"":196,""width"":177,""height"":113}",190,196,177,113
44,45_original.jpg,"{""name"":""rect"",""x"":142,""y"":234,""width"":201,""height"":77}",142,234,201,77
45,46_original.jpg,"{""name"":""rect"",""x"":218,""y"":212,""width"":233,""height"":78}",218,212,233,78
46,47_original.jpg,"{""name"":""rect"",""x"":597,""y"":594,""width"":418,""height"":151}",597,594,418,151
47,48_original.jpg,"{""name"":""rect"",""x"":207,""y"":130,""width"":270,""height"":101}",207,130,270,101
48,49_original.jpg,"{""name"":""rect"",""x"":488,""y"":832,""width"":522,""height"":162}",488,832,522,162
49,50_original.jpg,"{""name"":""rect"",""x"":203,""y"":200,""width"":140,""height"":54}",203,200,140,54
50,51_original.jpg,"{""name"":""rect"",""x"":667,""y"":240,""width"":606,""height"":188}",667,240,606,188
51,52_original.jpg,"{""name"":""rect"",""x"":632,""y"":575,""width"":249,""height"":73}",632,575,249,73
52,53_original.jpg,"{""name"":""rect"",""x"":753,""y"":568,""width"":181,""height"":72}",753,568,181,72
53,54_original.jpg,"{""name"":""rect"",""x"":504,""y"":412,""width"":177,""height"":49}",504,412,177,49
54,55_original.jpg,"{""name"":""rect"",""x"":747,""y"":580,""width"":154,""height"":115}",747,580,154,115
55,56_original.jpg,"{""name"":""rect"",""x"":613,""y"":280,""width"":221,""height"":70}",613,280,221,70
56,57_original.jpg,"{""name"":""rect"",""x"":368,""y"":537,""width"":136,""height"":43}",368,537,136,43
57,58_original.jpg,"{""name"":""rect"",""x"":752,""y"":643,""width"":320,""height"":85}",752,643,320,85
58,59_original.jpg,"{""name"":""rect"",""x"":30,""y"":247,""width"":343,""height"":88}",30,247,343,88
59,60_original.jpg,"{""name"":""rect"",""x"":810,""y"":657,""width"":297,""height"":180}",810,657,297,180
60,61_original.jpg,"{""name"":""rect"",""x"":751,""y"":614,""width"":334,""height"":98}",751,614,334,98
61,62_original.jpg,"{""name"":""rect"",""x"":372,""y"":161,""width"":524,""height"":122}",372,161,524,122
62,63_original.jpg,"{""name"":""rect"",""x"":779,""y"":986,""width"":220,""height"":224}",779,986,220,224
63,64_original.jpg,"{""name"":""rect"",""x"":977,""y"":1026,""width"":159,""height"":157}",977,1026,159,157
64,65_original.jpg,"{""name"":""rect"",""x"":807,""y"":552,""width"":157,""height"":153}",807,552,157,153
65,66_original.jpg,"{""name"":""rect"",""x"":304,""y"":185,""width"":135,""height"":63}",304,185,135,63
66,67_original.jpg,"{""name"":""rect"",""x"":202,""y"":176,""width"":104,""height"":57}",202,176,104,57
67,68_original.jpg,"{""name"":""rect"",""x"":251,""y"":146,""width"":108,""height"":58}",251,146,108,58
68,69_original.jpg,"{""name"":""rect"",""x"":853,""y"":310,""width"":379,""height"":231}",853,310,379,231
69,70_original.jpg,"{""name"":""rect"",""x"":468,""y"":203,""width"":246,""height"":124}",468,203,246,124
70,71_original.jpg,"{""name"":""rect"",""x"":193,""y"":327,""width"":345,""height"":113}",193,327,345,113
71,72_original.jpg,"{""name"":""rect"",""x"":450,""y"":201,""width"":269,""height"":124}",450,201,269,124
72,73_original.jpg,"{""name"":""rect"",""x"":448,""y"":417,""width"":234,""height"":91}",448,417,234,91
73,74_original.jpg,"{""name"":""rect"",""x"":510,""y"":225,""width"":145,""height"":81}",510,225,145,81
74,75_original.jpg,"{""name"":""rect"",""x"":220,""y"":51,""width"":163,""height"":84}",220,51,163,84
75,76_original.jpg,"{""name"":""rect"",""x"":440,""y"":136,""width"":266,""height"":110}",440,136,266,110
76,77_original.jpg,"{""name"":""rect"",""x"":356,""y"":277,""width"":319,""height"":90}",356,277,319,90
77,78_original.jpg,"{""name"":""rect"",""x"":326,""y"":264,""width"":220,""height"":139}",326,264,220,139
78,79_original.jpg,"{""name"":""rect"",""x"":124,""y"":101,""width"":174,""height"":91}",124,101,174,91
79,80_original.jpg,"{""name"":""rect"",""x"":288,""y"":182,""width"":211,""height"":79}",288,182,211,79
80,81_original.jpg,"{""name"":""rect"",""x"":838,""y"":336,""width"":146,""height"":84}",838,336,146,84
81,82_original.jpg,"{""name"":""rect"",""x"":229,""y"":98,""width"":162,""height"":88}",229,98,162,88
82,83_original.jpg,"{""name"":""rect"",""x"":272,""y"":280,""width"":245,""height"":113}",272,280,245,113
83,84_original.jpg,"{""name"":""rect"",""x"":388,""y"":180,""width"":543,""height"":248}",388,180,543,248
84,85_original.jpg,"{""name"":""rect"",""x"":246,""y"":110,""width"":122,""height"":62}",246,110,122,62
85,86_original.jpg,"{""name"":""rect"",""x"":176,""y"":44,""width"":242,""height"":98}",176,44,242,98
86,87_original.jpg,"{""name"":""rect"",""x"":161,""y"":174,""width"":312,""height"":122}",161,174,312,122
87,88_original.jpg,"{""name"":""rect"",""x"":398,""y"":228,""width"":321,""height"":157}",398,228,321,157
88,89_original.jpg,"{""name"":""rect"",""x"":381,""y"":615,""width"":260,""height"":125}",381,615,260,125
89,90_original.jpg,"{""name"":""rect"",""x"":311,""y"":241,""width"":217,""height"":92}",311,241,217,92
90,91_original.jpg,"{""name"":""rect"",""x"":206,""y"":283,""width"":378,""height"":147}",206,283,378,147
91,92_original.jpg,"{""name"":""rect"",""x"":392,""y"":274,""width"":230,""height"":66}",392,274,230,66
92,93_original.jpg,"{""name"":""rect"",""x"":276,""y"":655,""width"":174,""height"":85}",276,655,174,85
93,94_original.jpg,"{""name"":""rect"",""x"":298,""y"":287,""width"":401,""height"":98}",298,287,401,98
94,95_original.jpg,"{""name"":""rect"",""x"":390,""y"":153,""width"":226,""height"":105}",390,153,226,105
95,96_original.jpg,"{""name"":""rect"",""x"":256,""y"":117,""width"":199,""height"":124}",256,117,199,124
96,97_original.jpg,"{""name"":""rect"",""x"":946,""y"":177,""width"":162,""height"":93}",946,177,162,93
97,98_original.jpg,"{""name"":""rect"",""x"":601,""y"":834,""width"":291,""height"":171}",601,834,291,171
98,99_original.jpg,"{""name"":""rect"",""x"":877,""y"":253,""width"":132,""height"":149}",877,253,132,149
99,100_original.jpg,"{""name"":""rect"",""x"":426,""y"":277,""width"":313,""height"":142}",426,277,313,142
100,101_original.jpg,"{""name"":""rect"",""x"":224,""y"":170,""width"":340,""height"":180}",224,170,340,180
101,102_original.jpg,"{""name"":""rect"",""x"":699,""y"":409,""width"":183,""height"":172}",699,409,183,172
102,103_original.jpg,"{""name"":""rect"",""x"":415,""y"":509,""width"":172,""height"":68}",415,509,172,68
103,104_original.jpg,"{""name"":""rect"",""x"":218,""y"":79,""width"":177,""height"":96}",218,79,177,96
104,105_original.jpg,"{""name"":""rect"",""x"":304,""y"":267,""width"":210,""height"":133}",304,267,210,133
105,106_original.jpg,"{""name"":""rect"",""x"":426,""y"":347,""width"":354,""height"":313}",426,347,354,313
106,107_original.jpg,"{""name"":""rect"",""x"":442,""y"":214,""width"":198,""height"":75}",442,214,198,75
107,108_original.jpg,"{""name"":""rect"",""x"":475,""y"":252,""width"":162,""height"":81}",475,252,162,81
108,109_original.jpg,"{""name"":""rect"",""x"":257,""y"":212,""width"":186,""height"":66}",257,212,186,66
109,110_original.jpg,"{""name"":""rect"",""x"":548,""y"":591,""width"":125,""height"":108}",548,591,125,108
110,111_original.jpg,"{""name"":""rect"",""x"":261,""y"":485,""width"":110,""height"":98}",261,485,110,98
111,112_original.jpg,"{""name"":""rect"",""x"":217,""y"":84,""width"":159,""height"":79}",217,84,159,79
112,113_original.jpg,"{""name"":""rect"",""x"":336,""y"":155,""width"":304,""height"":129}",336,155,304,129
113,114_original.jpg,"{""name"":""rect"",""x"":228,""y"":305,""width"":226,""height"":101}",228,305,226,101
114,115_original.jpg,"{""name"":""rect"",""x"":489,""y"":192,""width"":164,""height"":83}",489,192,164,83
115,116_original.jpg,"{""name"":""rect"",""x"":500,""y"":443,""width"":186,""height"":66}",500,443,186,66
116,117_original.jpg,"{""name"":""rect"",""x"":546,""y"":279,""width"":172,""height"":138}",546,279,172,138
117,118_original.jpg,"{""name"":""rect"",""x"":484,""y"":504,""width"":118,""height"":43}",484,504,118,43
118,119_original.jpg,"{""name"":""rect"",""x"":770,""y"":446,""width"":90,""height"":187}",770,446,90,187
119,120_original.jpg,"{""name"":""rect"",""x"":776,""y"":142,""width"":60,""height"":56}",776,142,60,56
120,121_original.jpg,"{""name"":""rect"",""x"":962,""y"":211,""width"":58,""height"":63}",962,211,58,63
121,122_original.jpg,"{""name"":""rect"",""x"":470,""y"":464,""width"":149,""height"":73}",470,464,149,73
122,123_original.jpg,"{""name"":""rect"",""x"":607,""y"":128,""width"":239,""height"":181}",607,128,239,181
123,124_original.jpg,"{""name"":""rect"",""x"":146,""y"":140,""width"":82,""height"":61}",146,140,82,61
124,124_original.jpg,"{""name"":""rect"",""x"":965,""y"":295,""width"":91,""height"":59}",965,295,91,59
125,125_original.jpg,"{""name"":""rect"",""x"":144,""y"":144,""width"":85,""height"":54}",144,144,85,54
126,125_original.jpg,"{""name"":""rect"",""x"":959,""y"":293,""width"":98,""height"":62}",959,293,98,62
127,126_original.jpg,"{""name"":""rect"",""x"":545,""y"":242,""width"":167,""height"":72}",545,242,167,72
128,127_original.jpg,"{""name"":""rect"",""x"":528,""y"":455,""width"":175,""height"":66}",528,455,175,66
129,128_original.jpg,"{""name"":""rect"",""x"":204,""y"":196,""width"":198,""height"":74}",204,196,198,74
130,129_original.jpg,"{""name"":""rect"",""x"":558,""y"":350,""width"":144,""height"":56}",558,350,144,56
131,130_original.jpg,"{""name"":""rect"",""x"":231,""y"":33,""width"":322,""height"":858}",231,33,322,858
132,131_original.jpg,"{""name"":""rect"",""x"":421,""y"":113,""width"":296,""height"":154}",421,113,296,154
133,132_original.jpg,"{""name"":""rect"",""x"":321,""y"":136,""width"":285,""height"":141}",321,136,285,141
134,133_original.jpg,"{""name"":""rect"",""x"":339,""y"":222,""width"":574,""height"":201}",339,222,574,201
135,134_original.jpg,"{""name"":""rect"",""x"":585,""y"":490,""width"":168,""height"":88}",585,490,168,88
136,135_original.jpg,"{""name"":""rect"",""x"":838,""y"":545,""width"":243,""height"":210}",838,545,243,210
137,136_original.jpg,"{""name"":""rect"",""x"":358,""y"":1355,""width"":350,""height"":240}",358,1355,350,240
138,137_original.jpg,"{""name"":""rect"",""x"":393,""y"":576,""width"":414,""height"":153}",393,576,414,153
139,138_original.jpg,"{""name"":""rect"",""x"":798,""y"":506,""width"":375,""height"":117}",798,506,375,117
140,139_original.jpg,"{""name"":""rect"",""x"":281,""y"":520,""width"":84,""height"":77}",281,520,84,77
141,140_original.jpg,"{""name"":""rect"",""x"":197,""y"":83,""width"":162,""height"":150}",197,83,162,150
142,140_original.jpg,"{""name"":""rect"",""x"":598,""y"":412,""width"":169,""height"":173}",598,412,169,173
143,141_original.jpg,"{""name"":""rect"",""x"":197,""y"":84,""width"":167,""height"":157}",197,84,167,157
144,141_original.jpg,"{""name"":""rect"",""x"":595,""y"":411,""width"":165,""height"":169}",595,411,165,169
145,142_original.jpg,"{""name"":""rect"",""x"":554,""y"":929,""width"":60,""height"":112}",554,929,60,112
146,143_original.jpg,"{""name"":""rect"",""x"":718,""y"":648,""width"":237,""height"":119}",718,648,237,119
147,144_original.jpg,"{""name"":""rect"",""x"":694,""y"":418,""width"":303,""height"":136}",694,418,303,136
148,145_original.jpg,"{""name"":""rect"",""x"":737,""y"":908,""width"":182,""height"":122}",737,908,182,122
149,146_original.jpg,"{""name"":""rect"",""x"":759,""y"":464,""width"":340,""height"":129}",759,464,340,129
150,147_original.jpg,"{""name"":""rect"",""x"":853,""y"":369,""width"":169,""height"":67}",853,369,169,67
151,147_original.jpg,"{""name"":""rect"",""x"":336,""y"":333,""width"":167,""height"":117}",336,333,167,117
152,148_original.jpg,"{""name"":""rect"",""x"":338,""y"":331,""width"":173,""height"":111}",338,331,173,111
153,148_original.jpg,"{""name"":""rect"",""x"":858,""y"":367,""width"":160,""height"":67}",858,367,160,67
154,149_original.jpg,"{""name"":""rect"",""x"":16,""y"":11,""width"":530,""height"":128}",16,11,530,128
155,150_original.jpg,"{""name"":""rect"",""x"":345,""y"":552,""width"":139,""height"":59}",345,552,139,59
156,151_original.jpg,"{""name"":""rect"",""x"":144,""y"":163,""width"":67,""height"":27}",144,163,67,27
157,152_original.jpg,"{""name"":""rect"",""x"":638,""y"":284,""width"":388,""height"":244}",638,284,388,244
158,153_original.jpg,"{""name"":""rect"",""x"":749,""y"":455,""width"":402,""height"":155}",749,455,402,155
159,154_original.jpg,"{""name"":""rect"",""x"":764,""y"":178,""width"":70,""height"":18}",764,178,70,18
160,155_original.jpg,"{""name"":""rect"",""x"":646,""y"":425,""width"":899,""height"":305}",646,425,899,305
161,156_original.jpg,"{""name"":""rect"",""x"":648,""y"":413,""width"":508,""height"":172}",648,413,508,172
162,157_original.jpg,"{""name"":""rect"",""x"":776,""y"":792,""width"":83,""height"":216}",776,792,83,216
163,158_original.jpg,"{""name"":""rect"",""x"":223,""y"":453,""width"":120,""height"":156}",223,453,120,156
164,159_original.jpg,"{""name"":""rect"",""x"":599,""y"":500,""width"":140,""height"":337}",599,500,140,337
165,160_original.jpg,"{""name"":""rect"",""x"":340,""y"":445,""width"":463,""height"":145}",340,445,463,145
166,161_original.jpg,"{""name"":""rect"",""x"":506,""y"":525,""width"":620,""height"":191}",506,525,620,191
167,162_original.jpg,"{""name"":""rect"",""x"":438,""y"":438,""width"":544,""height"":241}",438,438,544,241
168,163_original.jpg,"{""name"":""rect"",""x"":544,""y"":554,""width"":182,""height"":66}",544,554,182,66
169,164_original.jpg,"{""name"":""rect"",""x"":758,""y"":636,""width"":190,""height"":67}",758,636,190,67
170,165_original.jpg,"{""name"":""rect"",""x"":283,""y"":635,""width"":93,""height"":43}",283,635,93,43
171,165_original.jpg,"{""name"":""rect"",""x"":664,""y"":934,""width"":84,""height"":32}",664,934,84,32
172,166_original.jpg,"{""name"":""rect"",""x"":744,""y"":682,""width"":189,""height"":105}",744,682,189,105
173,167_original.jpg,"{""name"":""rect"",""x"":865,""y"":685,""width"":220,""height"":107}",865,685,220,107
174,168_original.jpg,"{""name"":""rect"",""x"":658,""y"":866,""width"":117,""height"":67}",658,866,117,67
175,169_original.jpg,"{""name"":""rect"",""x"":617,""y"":743,""width"":192,""height"":62}",617,743,192,62
176,170_original.jpg,"{""name"":""rect"",""x"":423,""y"":480,""width"":313,""height"":227}",423,480,313,227
177,170_original.jpg,"{""name"":""rect"",""x"":906,""y"":992,""width"":298,""height"":234}",906,992,298,234
178,171_original.jpg,"{""name"":""rect"",""x"":423,""y"":480,""width"":313,""height"":227}",423,480,313,227
179,171_original.jpg,"{""name"":""rect"",""x"":906,""y"":992,""width"":298,""height"":234}",906,992,298,234
180,172_original.jpg,"{""name"":""rect"",""x"":1170,""y"":764,""width"":44,""height"":21}",1170,764,44,21
181,173_original.jpg,"{""name"":""rect"",""x"":849,""y"":601,""width"":155,""height"":65}",849,601,155,65
182,174_original.jpg,"{""name"":""rect"",""x"":164,""y"":384,""width"":1171,""height"":284}",164,384,1171,284
183,175_original.jpg,"{""name"":""rect"",""x"":466,""y"":319,""width"":411,""height"":161}",466,319,411,161
184,175_original.jpg,"{""name"":""rect"",""x"":578,""y"":1246,""width"":360,""height"":133}",578,1246,360,133
185,176_original.jpg,"{""name"":""rect"",""x"":466,""y"":314,""width"":411,""height"":165}",466,314,411,165
186,176_original.jpg,"{""name"":""rect"",""x"":578,""y"":1246,""width"":360,""height"":133}",578,1246,360,133
187,177_original.jpg,"{""name"":""rect"",""x"":744,""y"":628,""width"":72,""height"":32}",744,628,72,32
188,178_original.jpg,"{""name"":""rect"",""x"":670,""y"":700,""width"":35,""height"":62}",670,700,35,62
189,179_original.jpg,"{""name"":""rect"",""x"":677,""y"":698,""width"":309,""height"":104}",677,698,309,104
190,180_original.jpg,"{""name"":""rect"",""x"":453,""y"":394,""width"":281,""height"":120}",453,394,281,120
191,181_original.jpg,"{""name"":""rect"",""x"":523,""y"":541,""width"":392,""height"":154}",523,541,392,154
192,182_original.jpg,"{""name"":""rect"",""x"":621,""y"":507,""width"":398,""height"":163}",621,507,398,163
193,183_original.jpg,"{""name"":""rect"",""x"":906,""y"":309,""width"":118,""height"":97}",906,309,118,97
194,184_original.jpg,"{""name"":""rect"",""x"":733,""y"":424,""width"":276,""height"":101}",733,424,276,101
195,185_original.jpg,"{""name"":""rect"",""x"":194,""y"":200,""width"":130,""height"":46}",194,200,130,46
196,186_original.jpg,"{""name"":""rect"",""x"":796,""y"":566,""width"":232,""height"":124}",796,566,232,124
197,187_original.jpg,"{""name"":""rect"",""x"":696,""y"":703,""width"":58,""height"":95}",696,703,58,95
198,188_original.jpg,"{""name"":""rect"",""x"":1003,""y"":428,""width"":98,""height"":107}",1003,428,98,107
199,189_original.jpg,"{""name"":""rect"",""x"":839,""y"":517,""width"":161,""height"":42}",839,517,161,42
200,190_original.jpg,"{""name"":""rect"",""x"":814,""y"":589,""width"":42,""height"":77}",814,589,42,77
201,191_original.jpg,"{""name"":""rect"",""x"":818,""y"":633,""width"":358,""height"":198}",818,633,358,198
202,192_original.jpg,"{""name"":""rect"",""x"":442,""y"":405,""width"":181,""height"":74}",442,405,181,74
203,192_original.jpg,"{""name"":""rect"",""x"":1109,""y"":403,""width"":184,""height"":89}",1109,403,184,89
204,193_original.jpg,"{""name"":""rect"",""x"":442,""y"":405,""width"":181,""height"":74}",442,405,181,74
205,193_original.jpg,"{""name"":""rect"",""x"":1109,""y"":403,""width"":184,""height"":89}",1109,403,184,89
206,194_original.jpg,"{""name"":""rect"",""x"":725,""y"":740,""width"":234,""height"":95}",725,740,234,95
207,195_original.jpg,"{""name"":""rect"",""x"":611,""y"":393,""width"":968,""height"":362}",611,393,968,362
208,196_original.jpg,"{""name"":""rect"",""x"":753,""y"":571,""width"":158,""height"":57}",753,571,158,57
209,197_original.jpg,"{""name"":""rect"",""x"":678,""y"":496,""width"":363,""height"":145}",678,496,363,145
210,198_original.jpg,"{""name"":""rect"",""x"":701,""y"":484,""width"":393,""height"":158}",701,484,393,158
211,199_original.jpg,"{""name"":""rect"",""x"":146,""y"":401,""width"":657,""height"":297}",146,401,657,297
212,200_original.jpg,"{""name"":""rect"",""x"":759,""y"":572,""width"":172,""height"":78}",759,572,172,78
213,201_original.jpg,"{""name"":""rect"",""x"":871,""y"":1022,""width"":168,""height"":115}",871,1022,168,115
214,202_original.jpg,"{""name"":""rect"",""x"":263,""y"":296,""width"":591,""height"":219}",263,296,591,219
215,203_original.jpg,"{""name"":""rect"",""x"":489,""y"":238,""width"":610,""height"":195}",489,238,610,195
216,204_original.jpg,"{""name"":""rect"",""x"":616,""y"":550,""width"":622,""height"":176}",616,550,622,176
217,205_original.jpg,"{""name"":""rect"",""x"":469,""y"":476,""width"":427,""height"":145}",469,476,427,145
218,206_original.jpg,"{""name"":""rect"",""x"":324,""y"":356,""width"":877,""height"":382}",324,356,877,382
219,207_original.jpg,"{""name"":""rect"",""x"":346,""y"":428,""width"":512,""height"":188}",346,428,512,188
220,208_original.jpg,"{""name"":""rect"",""x"":218,""y"":408,""width"":639,""height"":199}",218,408,639,199
221,209_original.jpg,"{""name"":""rect"",""x"":501,""y"":583,""width"":509,""height"":242}",501,583,509,242
222,210_original.jpg,"{""name"":""rect"",""x"":634,""y"":603,""width"":192,""height"":85}",634,603,192,85
223,211_original.jpg,"{""name"":""rect"",""x"":303,""y"":866,""width"":116,""height"":130}",303,866,116,130
224,212_original.jpg,"{""name"":""rect"",""x"":729,""y"":715,""width"":295,""height"":110}",729,715,295,110
225,213_original.jpg,"{""name"":""rect"",""x"":680,""y"":511,""width"":470,""height"":161}",680,511,470,161
226,214_original.jpg,"{""name"":""rect"",""x"":421,""y"":475,""width"":718,""height"":219}",421,475,718,219
227,215_original.jpg,"{""name"":""rect"",""x"":368,""y"":360,""width"":301,""height"":117}",368,360,301,117
228,216_original.jpg,"{""name"":""rect"",""x"":441,""y"":355,""width"":413,""height"":131}",441,355,413,131
229,217_original.jpg,"{""name"":""rect"",""x"":239,""y"":388,""width"":354,""height"":117}",239,388,354,117
230,218_original.jpg,"{""name"":""rect"",""x"":651,""y"":500,""width"":524,""height"":189}",651,500,524,189
231,219_original.jpg,"{""name"":""rect"",""x"":463,""y"":537,""width"":340,""height"":100}",463,537,340,100
232,220_original.jpg,"{""name"":""rect"",""x"":897,""y"":515,""width"":274,""height"":176}",897,515,274,176
233,221_original.jpg,"{""name"":""rect"",""x"":681,""y"":500,""width"":435,""height"":129}",681,500,435,129
234,222_original.jpg,"{""name"":""rect"",""x"":463,""y"":483,""width"":558,""height"":182}",463,483,558,182
235,223_original.jpg,"{""name"":""rect"",""x"":449,""y"":412,""width"":298,""height"":114}",449,412,298,114
236,224_original.jpg,"{""name"":""rect"",""x"":594,""y"":745,""width"":338,""height"":183}",594,745,338,183
237,225_original.jpg,"{""name"":""rect"",""x"":716,""y"":520,""width"":128,""height"":176}",716,520,128,176
238,226_original.jpg,"{""name"":""rect"",""x"":517,""y"":177,""width"":159,""height"":53}",517,177,159,53
239,227_original.jpg,"{""name"":""rect"",""x"":569,""y"":403,""width"":289,""height"":159}",569,403,289,159
240,228_original.jpg,"{""name"":""rect"",""x"":499,""y"":267,""width"":221,""height"":160}",499,267,221,160
241,228_original.jpg,"{""name"":""rect"",""x"":845,""y"":449,""width"":233,""height"":224}",845,449,233,224
242,229_original.jpg,"{""name"":""rect"",""x"":499,""y"":267,""width"":221,""height"":160}",499,267,221,160
243,229_original.jpg,"{""name"":""rect"",""x"":845,""y"":449,""width"":233,""height"":224}",845,449,233,224
244,230_original.jpg,"{""name"":""rect"",""x"":595,""y"":476,""width"":113,""height"":119}",595,476,113,119
245,231_original.jpg,"{""name"":""rect"",""x"":580,""y"":586,""width"":213,""height"":78}",580,586,213,78
246,232_original.jpg,"{""name"":""rect"",""x"":645,""y"":420,""width"":124,""height"":47}",645,420,124,47
247,233_original.jpg,"{""name"":""rect"",""x"":20,""y"":357,""width"":270,""height"":350}",20,357,270,350
248,233_original.jpg,"{""name"":""rect"",""x"":466,""y"":380,""width"":191,""height"":363}",466,380,191,363
249,233_original.jpg,"{""name"":""rect"",""x"":913,""y"":384,""width"":112,""height"":375}",913,384,112,375
250,233_original.jpg,"{""name"":""rect"",""x"":1229,""y"":355,""width"":252,""height"":355}",1229,355,252,355
251,234_original.jpg,"{""name"":""rect"",""x"":20,""y"":357,""width"":270,""height"":350}",20,357,270,350
252,234_original.jpg,"{""name"":""rect"",""x"":466,""y"":380,""width"":191,""height"":363}",466,380,191,363
253,234_original.jpg,"{""name"":""rect"",""x"":913,""y"":384,""width"":112,""height"":375}",913,384,112,375
254,234_original.jpg,"{""name"":""rect"",""x"":1229,""y"":355,""width"":252,""height"":355}",1229,355,252,355
255,235_original.jpg,"{""name"":""rect"",""x"":20,""y"":357,""width"":270,""height"":350}",20,357,270,350
256,235_original.jpg,"{""name"":""rect"",""x"":466,""y"":380,""width"":191,""height"":363}",466,380,191,363
257,235_original.jpg,"{""name"":""rect"",""x"":913,""y"":384,""width"":112,""height"":375}",913,384,112,375
258,235_original.jpg,"{""name"":""rect"",""x"":1229,""y"":355,""width"":252,""height"":355}",1229,355,252,355
259,236_original.jpg,"{""name"":""rect"",""x"":20,""y"":357,""width"":270,""height"":350}",20,357,270,350
260,236_original.jpg,"{""name"":""rect"",""x"":466,""y"":380,""width"":191,""height"":363}",466,380,191,363
261,236_original.jpg,"{""name"":""rect"",""x"":913,""y"":384,""width"":112,""height"":375}",913,384,112,375
262,236_original.jpg,"{""name"":""rect"",""x"":1229,""y"":355,""width"":252,""height"":355}",1229,355,252,355
263,237_original.jpg,"{""name"":""rect"",""x"":591,""y"":492,""width"":139,""height"":106}",591,492,139,106
264,238_original.jpg,"{""name"":""rect"",""x"":604,""y"":477,""width"":213,""height"":113}",604,477,213,113
265,239_original.jpg,"{""name"":""rect"",""x"":754,""y"":288,""width"":292,""height"":229}",754,288,292,229
266,240_original.jpg,"{""name"":""rect"",""x"":674,""y"":389,""width"":53,""height"":56}",674,389,53,56
267,241_original.jpg,"{""name"":""rect"",""x"":702,""y"":316,""width"":335,""height"":161}",702,316,335,161
268,242_original.jpg,"{""name"":""rect"",""x"":615,""y"":583,""width"":257,""height"":172}",615,583,257,172
269,243_original.jpg,"{""name"":""rect"",""x"":531,""y"":552,""width"":214,""height"":87}",531,552,214,87
270,244_original.jpg,"{""name"":""rect"",""x"":310,""y"":300,""width"":173,""height"":86}",310,300,173,86
271,244_original.jpg,"{""name"":""rect"",""x"":974,""y"":242,""width"":161,""height"":78}",974,242,161,78
272,245_original.jpg,"{""name"":""rect"",""x"":310,""y"":300,""width"":173,""height"":86}",310,300,173,86
273,245_original.jpg,"{""name"":""rect"",""x"":974,""y"":242,""width"":161,""height"":78}",974,242,161,78
274,246_original.jpg,"{""name"":""rect"",""x"":805,""y"":286,""width"":221,""height"":181}",805,286,221,181
275,247_original.jpg,"{""name"":""rect"",""x"":988,""y"":210,""width"":167,""height"":79}",988,210,167,79
276,247_original.jpg,"{""name"":""rect"",""x"":374,""y"":596,""width"":186,""height"":108}",374,596,186,108
277,248_original.jpg,"{""name"":""rect"",""x"":988,""y"":210,""width"":167,""height"":79}",988,210,167,79
278,248_original.jpg,"{""name"":""rect"",""x"":374,""y"":596,""width"":186,""height"":108}",374,596,186,108
279,249_original.jpg,"{""name"":""rect"",""x"":780,""y"":188,""width"":176,""height"":77}",780,188,176,77
280,250_original.jpg,"{""name"":""rect"",""x"":530,""y"":447,""width"":323,""height"":109}",530,447,323,109
281,251_original.jpg,"{""name"":""rect"",""x"":703,""y"":520,""width"":85,""height"":66}",703,520,85,66
282,252_original.jpg,"{""name"":""rect"",""x"":623,""y"":436,""width"":235,""height"":204}",623,436,235,204
283,253_original.jpg,"{""name"":""rect"",""x"":808,""y"":410,""width"":85,""height"":79}",808,410,85,79
284,254_original.jpg,"{""name"":""rect"",""x"":636,""y"":584,""width"":190,""height"":63}",636,584,190,63
285,255_original.jpg,"{""name"":""rect"",""x"":662,""y"":480,""width"":227,""height"":262}",662,480,227,262
286,256_original.jpg,"{""name"":""rect"",""x"":591,""y"":433,""width"":223,""height"":179}",591,433,223,179
287,257_original.jpg,"{""name"":""rect"",""x"":552,""y"":474,""width"":254,""height"":91}",552,474,254,91
288,258_original.jpg,"{""name"":""rect"",""x"":614,""y"":582,""width"":258,""height"":170}",614,582,258,170
289,259_original.jpg,"{""name"":""rect"",""x"":714,""y"":266,""width"":293,""height"":100}",714,266,293,100
290,260_original.jpg,"{""name"":""rect"",""x"":614,""y"":206,""width"":155,""height"":70}",614,206,155,70
291,261_original.jpg,"{""name"":""rect"",""x"":590,""y"":425,""width"":256,""height"":144}",590,425,256,144
292,262_original.jpg,"{""name"":""rect"",""x"":847,""y"":377,""width"":167,""height"":67}",847,377,167,67
293,263_original.jpg,"{""name"":""rect"",""x"":377,""y"":575,""width"":195,""height"":85}",377,575,195,85
294,264_original.jpg,"{""name"":""rect"",""x"":708,""y"":245,""width"":297,""height"":233}",708,245,297,233
295,265_original.jpg,"{""name"":""rect"",""x"":750,""y"":266,""width"":247,""height"":246}",750,266,247,246
296,266_original.jpg,"{""name"":""rect"",""x"":710,""y"":433,""width"":232,""height"":104}",710,433,232,104
297,267_original.jpg,"{""name"":""rect"",""x"":544,""y"":470,""width"":194,""height"":92}",544,470,194,92
298,268_original.jpg,"{""name"":""rect"",""x"":489,""y"":343,""width"":257,""height"":272}",489,343,257,272
299,269_original.jpg,"{""name"":""rect"",""x"":742,""y"":276,""width"":278,""height"":243}",742,276,278,243
300,270_original.jpg,"{""name"":""rect"",""x"":698,""y"":290,""width"":311,""height"":220}",698,290,311,220
301,271_original.jpg,"{""name"":""rect"",""x"":668,""y"":267,""width"":254,""height"":269}",668,267,254,269
302,272_original.jpg,"{""name"":""rect"",""x"":692,""y"":353,""width"":171,""height"":88}",692,353,171,88
303,273_original.jpg,"{""name"":""rect"",""x"":1051,""y"":631,""width"":127,""height"":92}",1051,631,127,92
304,274_original.jpg,"{""name"":""rect"",""x"":681,""y"":508,""width"":463,""height"":123}",681,508,463,123
305,275_original.jpg,"{""name"":""rect"",""x"":467,""y"":359,""width"":246,""height"":138}",467,359,246,138
306,276_original.jpg,"{""name"":""rect"",""x"":324,""y"":513,""width"":269,""height"":229}",324,513,269,229
307,277_original.jpg,"{""name"":""rect"",""x"":292,""y"":154,""width"":58,""height"":90}",292,154,58,90
308,277_original.jpg,"{""name"":""rect"",""x"":130,""y"":183,""width"":55,""height"":82}",130,183,55,82
309,278_original.jpg,"{""name"":""rect"",""x"":292,""y"":154,""width"":58,""height"":90}",292,154,58,90
310,278_original.jpg,"{""name"":""rect"",""x"":130,""y"":183,""width"":55,""height"":82}",130,183,55,82
311,279_original.jpg,"{""name"":""rect"",""x"":150,""y"":187,""width"":160,""height"":63}",150,187,160,63
312,280_original.jpg,"{""name"":""rect"",""x"":657,""y"":758,""width"":85,""height"":66}",657,758,85,66
313,281_original.jpg,"{""name"":""rect"",""x"":242,""y"":34,""width"":199,""height"":100}",242,34,199,100
314,282_original.jpg,"{""name"":""rect"",""x"":530,""y"":862,""width"":157,""height"":80}",530,862,157,80
315,N1_1_original.jpg,"{""name"":""rect"",""x"":357,""y"":279,""width"":281,""height"":109}",357,279,281,109
316,N2_2_original.jpg,"{""name"":""rect"",""x"":189,""y"":47,""width"":87,""height"":28}",189,47,87,28
317,N3_3_original.jpg,"{""name"":""rect"",""x"":1216,""y"":546,""width"":1391,""height"":450}",1216,546,1391,450
318,N4_4_original.jpg,"{""name"":""rect"",""x"":165,""y"":316,""width"":260,""height"":101}",165,316,260,101
319,N5_5_original.jpg,"{""name"":""rect"",""x"":147,""y"":260,""width"":191,""height"":96}",147,260,191,96
320,N6_6_original.jpg,"{""name"":""rect"",""x"":154,""y"":188,""width"":266,""height"":152}",154,188,266,152
321,N7_7_original.jpg,"{""name"":""rect"",""x"":157,""y"":188,""width"":285,""height"":99}",157,188,285,99
322,N8_8_original.jpg,"{""name"":""rect"",""x"":167,""y"":176,""width"":241,""height"":152}",167,176,241,152
323,N9_9_original.jpg,"{""name"":""rect"",""x"":169,""y"":214,""width"":226,""height"":78}",169,214,226,78
324,N10_10_original.jpg,"{""name"":""rect"",""x"":160,""y"":230,""width"":217,""height"":73}",160,230,217,73
325,N11_11_original.jpg,"{""name"":""rect"",""x"":174,""y"":209,""width"":230,""height"":87}",174,209,230,87
326,N12_12_original.jpg,"{""name"":""rect"",""x"":207,""y"":212,""width"":159,""height"":70}",207,212,159,70
327,N13_13_original.jpg,"{""name"":""rect"",""x"":189,""y"":228,""width"":189,""height"":76}",189,228,189,76
328,N14_14_original.jpg,"{""name"":""rect"",""x"":188,""y"":201,""width"":228,""height"":96}",188,201,228,96
329,N15_15_original.jpg,"{""name"":""rect"",""x"":166,""y"":212,""width"":180,""height"":106}",166,212,180,106
330,N16_16_original.jpg,"{""name"":""rect"",""x"":160,""y"":217,""width"":213,""height"":65}",160,217,213,65
331,N17_17_original.jpg,"{""name"":""rect"",""x"":196,""y"":227,""width"":193,""height"":81}",196,227,193,81
332,N18_18_original.jpg,"{""name"":""rect"",""x"":96,""y"":262,""width"":285,""height"":98}",96,262,285,98
333,N19_19_original.jpg,"{""name"":""rect"",""x"":15,""y"":137,""width"":447,""height"":312}",15,137,447,312
334,N20_20_original.jpg,"{""name"":""rect"",""x"":178,""y"":234,""width"":205,""height"":43}",178,234,205,43
335,N21_21_original.jpg,"{""name"":""rect"",""x"":197,""y"":213,""width"":209,""height"":69}",197,213,209,69
336,N22_22_original.jpg,"{""name"":""rect"",""x"":174,""y"":194,""width"":289,""height"":94}",174,194,289,94
337,N23_23_original.jpg,"{""name"":""rect"",""x"":178,""y"":132,""width"":219,""height"":296}",178,132,219,296
338,N24_24_original.jpg,"{""name"":""rect"",""x"":184,""y"":164,""width"":247,""height"":276}",184,164,247,276
339,N25_25_original.jpg,"{""name"":""rect"",""x"":218,""y"":223,""width"":232,""height"":89}",218,223,232,89
340,N26_26_original.jpg,"{""name"":""rect"",""x"":148,""y"":158,""width"":236,""height"":284}",148,158,236,284
341,N27_27_original.jpg,"{""name"":""rect"",""x"":158,""y"":210,""width"":252,""height"":102}",158,210,252,102
342,N28_28_original.jpg,"{""name"":""rect"",""x"":47,""y"":151,""width"":383,""height"":246}",47,151,383,246
343,N29_29_original.jpg,"{""name"":""rect"",""x"":197,""y"":278,""width"":207,""height"":75}",197,278,207,75
344,N30_30_original.jpg,"{""name"":""rect"",""x"":218,""y"":223,""width"":183,""height"":65}",218,223,183,65
345,N31_31_original.jpg,"{""name"":""rect"",""x"":154,""y"":312,""width"":264,""height"":78}",154,312,264,78
346,N32_32_original.jpg,"{""name"":""rect"",""x"":177,""y"":204,""width"":226,""height"":92}",177,204,226,92
347,N33_33_original.jpg,"{""name"":""rect"",""x"":117,""y"":272,""width"":359,""height"":112}",117,272,359,112
348,N34_34_original.jpg,"{""name"":""rect"",""x"":96,""y"":153,""width"":275,""height"":171}",96,153,275,171
349,N35_35_original.jpg,"{""name"":""rect"",""x"":11,""y"":19,""width"":459,""height"":385}",11,19,459,385
350,N36_36_original.jpg,"{""name"":""rect"",""x"":50,""y"":45,""width"":416,""height"":359}",50,45,416,359
351,N37_37_original.jpg,"{""name"":""rect"",""x"":65,""y"":160,""width"":390,""height"":116}",65,160,390,116
352,N38_38_original.jpg,"{""name"":""rect"",""x"":154,""y"":208,""width"":304,""height"":97}",154,208,304,97
353,N39_39_original.jpg,"{""name"":""rect"",""x"":182,""y"":190,""width"":300,""height"":123}",182,190,300,123
354,N40_40_original.jpg,"{""name"":""rect"",""x"":142,""y"":148,""width"":339,""height"":186}",142,148,339,186
355,N41_41_original.jpg,"{""name"":""rect"",""x"":38,""y"":73,""width"":420,""height"":380}",38,73,420,380
356,N42_42_original.jpg,"{""name"":""rect"",""x"":178,""y"":187,""width"":208,""height"":83}",178,187,208,83
357,N43_43_original.jpg,"{""name"":""rect"",""x"":165,""y"":195,""width"":201,""height"":300}",165,195,201,300
358,N44_44_original.jpg,"{""name"":""rect"",""x"":139,""y"":177,""width"":320,""height"":135}",139,177,320,135
359,N45_45_original.jpg,"{""name"":""rect"",""x"":169,""y"":206,""width"":285,""height"":76}",169,206,285,76
360,N46_46_original.jpg,"{""name"":""rect"",""x"":141,""y"":204,""width"":213,""height"":108}",141,204,213,108
361,N47_47_original.jpg,"{""name"":""rect"",""x"":146,""y"":87,""width"":224,""height"":328}",146,87,224,328
362,N48_48_original.jpg,"{""name"":""rect"",""x"":134,""y"":191,""width"":352,""height"":128}",134,191,352,128
363,N49_49_original.jpg,"{""name"":""rect"",""x"":143,""y"":144,""width"":212,""height"":209}",143,144,212,209
364,N50_50_original.jpg,"{""name"":""rect"",""x"":30,""y"":67,""width"":409,""height"":340}",30,67,409,340
365,N51_51_original.jpg,"{""name"":""rect"",""x"":147,""y"":250,""width"":270,""height"":118}",147,250,270,118
366,N52_52_original.jpg,"{""name"":""rect"",""x"":143,""y"":198,""width"":310,""height"":109}",143,198,310,109
367,N53_53_original.jpg,"{""name"":""rect"",""x"":172,""y"":295,""width"":223,""height"":74}",172,295,223,74
368,N54_54_original.jpg,"{""name"":""rect"",""x"":171,""y"":253,""width"":211,""height"":63}",171,253,211,63
369,N55_55_original.jpg,"{""name"":""rect"",""x"":136,""y"":254,""width"":150,""height"":50}",136,254,150,50
370,N56_56_original.jpg,"{""name"":""rect"",""x"":215,""y"":193,""width"":72,""height"":231}",215,193,72,231
371,N57_57_original.jpg,"{""name"":""rect"",""x"":198,""y"":263,""width"":199,""height"":66}",198,263,199,66
372,N58_58_original.jpg,"{""name"":""rect"",""x"":41,""y"":216,""width"":220,""height"":80}",41,216,220,80
373,N59_59_original.jpg,"{""name"":""rect"",""x"":95,""y"":238,""width"":227,""height"":57}",95,238,227,57
374,N60_60_original.jpg,"{""name"":""rect"",""x"":224,""y"":265,""width"":230,""height"":77}",224,265,230,77
375,N61_61_original.jpg,"{""name"":""rect"",""x"":41,""y"":337,""width"":422,""height"":95}",41,337,422,95
376,N62_62_original.jpg,"{""name"":""rect"",""x"":209,""y"":212,""width"":257,""height"":101}",209,212,257,101
377,N63_63_original.jpg,"{""name"":""rect"",""x"":180,""y"":176,""width"":160,""height"":158}",180,176,160,158
378,N64_64_original.jpg,"{""name"":""rect"",""x"":182,""y"":77,""width"":175,""height"":238}",182,77,175,238
379,N65_65_original.jpg,"{""name"":""rect"",""x"":230,""y"":155,""width"":168,""height"":154}",230,155,168,154
380,N66_66_original.jpg,"{""name"":""rect"",""x"":143,""y"":189,""width"":229,""height"":129}",143,189,229,129
381,N67_67_original.jpg,"{""name"":""rect"",""x"":182,""y"":212,""width"":242,""height"":71}",182,212,242,71
382,N68_68_original.jpg,"{""name"":""rect"",""x"":146,""y"":206,""width"":241,""height"":94}",146,206,241,94
383,N69_69_original.jpg,"{""name"":""rect"",""x"":83,""y"":248,""width"":295,""height"":77}",83,248,295,77
384,N70_70_original.jpg,"{""name"":""rect"",""x"":182,""y"":196,""width"":249,""height"":85}",182,196,249,85
385,N71_71_original.jpg,"{""name"":""rect"",""x"":182,""y"":209,""width"":228,""height"":69}",182,209,228,69
386,N72_72_original.jpg,"{""name"":""rect"",""x"":174,""y"":186,""width"":293,""height"":125}",174,186,293,125
387,N73_73_original.jpg,"{""name"":""rect"",""x"":214,""y"":223,""width"":244,""height"":51}",214,223,244,51
388,N74_74_original.jpg,"{""name"":""rect"",""x"":189,""y"":173,""width"":235,""height"":101}",189,173,235,101
389,N75_75_original.jpg,"{""name"":""rect"",""x"":154,""y"":177,""width"":284,""height"":138}",154,177,284,138
390,N76_76_original.jpg,"{""name"":""rect"",""x"":154,""y"":176,""width"":321,""height"":131}",154,176,321,131
391,N77_77_original.jpg,"{""name"":""rect"",""x"":177,""y"":156,""width"":265,""height"":116}",177,156,265,116
392,N78_78_original.jpg,"{""name"":""rect"",""x"":137,""y"":199,""width"":283,""height"":114}",137,199,283,114
393,N79_79_original.jpg,"{""name"":""rect"",""x"":205,""y"":218,""width"":238,""height"":78}",205,218,238,78
394,N80_80_original.jpg,"{""name"":""rect"",""x"":222,""y"":220,""width"":176,""height"":55}",222,220,176,55
395,N81_81_original.jpg,"{""name"":""rect"",""x"":172,""y"":207,""width"":224,""height"":65}",172,207,224,65
396,N82_82_original.jpg,"{""name"":""rect"",""x"":180,""y"":180,""width"":200,""height"":76}",180,180,200,76
397,N83_83_original.jpg,"{""name"":""rect"",""x"":188,""y"":216,""width"":182,""height"":64}",188,216,182,64
398,N84_84_original.jpg,"{""name"":""rect"",""x"":155,""y"":196,""width"":292,""height"":108}",155,196,292,108
399,N85_85_original.jpg,"{""name"":""rect"",""x"":146,""y"":247,""width"":194,""height"":69}",146,247,194,69
400,N86_86_original.jpg,"{""name"":""rect"",""x"":159,""y"":192,""width"":251,""height"":98}",159,192,251,98
401,N87_87_original.jpg,"{""name"":""rect"",""x"":171,""y"":208,""width"":187,""height"":99}",171,208,187,99
402,N88_88_original.jpg,"{""name"":""rect"",""x"":264,""y"":160,""width"":192,""height"":134}",264,160,192,134
403,N89_89_original.jpg,"{""name"":""rect"",""x"":160,""y"":214,""width"":246,""height"":80}",160,214,246,80
404,N90_90_original.jpg,"{""name"":""rect"",""x"":178,""y"":200,""width"":255,""height"":80}",178,200,255,80
405,N91_91_original.jpg,"{""name"":""rect"",""x"":162,""y"":208,""width"":248,""height"":85}",162,208,248,85
406,N92_92_original.jpg,"{""name"":""rect"",""x"":158,""y"":204,""width"":268,""height"":105}",158,204,268,105
407,N93_93_original.jpg,"{""name"":""rect"",""x"":52,""y"":195,""width"":388,""height"":121}",52,195,388,121
408,N94_94_original.jpg,"{""name"":""rect"",""x"":174,""y"":189,""width"":208,""height"":111}",174,189,208,111
409,N95_95_original.jpg,"{""name"":""rect"",""x"":160,""y"":151,""width"":257,""height"":157}",160,151,257,157
410,N96_96_original.jpg,"{""name"":""rect"",""x"":181,""y"":195,""width"":223,""height"":97}",181,195,223,97
411,N97_97_original.jpg,"{""name"":""rect"",""x"":174,""y"":200,""width"":240,""height"":108}",174,200,240,108
412,N98_98_original.jpg,"{""name"":""rect"",""x"":161,""y"":184,""width"":303,""height"":96}",161,184,303,96
413,N99_99_original.jpg,"{""name"":""rect"",""x"":151,""y"":200,""width"":294,""height"":95}",151,200,294,95
414,N100_100_original.jpg,"{""name"":""rect"",""x"":174,""y"":195,""width"":203,""height"":211}",174,195,203,211
415,N101_101_original.jpg,"{""name"":""rect"",""x"":186,""y"":206,""width"":233,""height"":102}",186,206,233,102
416,N102_102_original.jpg,"{""name"":""rect"",""x"":114,""y"":186,""width"":315,""height"":108}",114,186,315,108
417,N103_103_original.jpg,"{""name"":""rect"",""x"":163,""y"":161,""width"":318,""height"":131}",163,161,318,131
418,N104_104_original.jpg,"{""name"":""rect"",""x"":190,""y"":208,""width"":215,""height"":91}",190,208,215,91
419,N105_105_original.jpg,"{""name"":""rect"",""x"":30,""y"":82,""width"":411,""height"":209}",30,82,411,209
420,N106_106_original.jpg,"{""name"":""rect"",""x"":146,""y"":188,""width"":294,""height"":110}",146,188,294,110
421,N107_107_original.jpg,"{""name"":""rect"",""x"":172,""y"":191,""width"":282,""height"":107}",172,191,282,107
422,N108_108_original.jpg,"{""name"":""rect"",""x"":196,""y"":202,""width"":263,""height"":110}",196,202,263,110
423,N109_109_original.jpg,"{""name"":""rect"",""x"":133,""y"":187,""width"":317,""height"":105}",133,187,317,105
424,N110_110_original.jpg,"{""name"":""rect"",""x"":172,""y"":195,""width"":288,""height"":90}",172,195,288,90
425,N111_111_original.jpg,"{""name"":""rect"",""x"":13,""y"":176,""width"":309,""height"":130}",13,176,309,130
426,N112_112_original.jpg,"{""name"":""rect"",""x"":41,""y"":196,""width"":415,""height"":100}",41,196,415,100
427,N113_113_original.jpg,"{""name"":""rect"",""x"":202,""y"":192,""width"":236,""height"":98}",202,192,236,98
428,N114_114_original.jpg,"{""name"":""rect"",""x"":52,""y"":180,""width"":379,""height"":134}",52,180,379,134
429,N115_115_original.jpg,"{""name"":""rect"",""x"":368,""y"":171,""width"":114,""height"":35}",368,171,114,35
430,N116_116_original.jpg,"{""name"":""rect"",""x"":67,""y"":197,""width"":335,""height"":88}",67,197,335,88
431,N117_117_original.jpg,"{""name"":""rect"",""x"":67,""y"":189,""width"":356,""height"":121}",67,189,356,121
432,N118_118_original.jpg,"{""name"":""rect"",""x"":46,""y"":192,""width"":374,""height"":89}",46,192,374,89
433,N119_119_original.jpg,"{""name"":""rect"",""x"":25,""y"":204,""width"":397,""height"":80}",25,204,397,80
434,N120_120_original.jpg,"{""name"":""rect"",""x"":58,""y"":196,""width"":395,""height"":96}",58,196,395,96
435,N121_121_original.jpg,"{""name"":""rect"",""x"":75,""y"":204,""width"":341,""height"":93}",75,204,341,93
436,N122_122_original.jpg,"{""name"":""rect"",""x"":46,""y"":210,""width"":425,""height"":74}",46,210,425,74
437,N123_123_original.jpg,"{""name"":""rect"",""x"":66,""y"":204,""width"":357,""height"":71}",66,204,357,71
438,N124_124_original.jpg,"{""name"":""rect"",""x"":64,""y"":188,""width"":371,""height"":121}",64,188,371,121
439,N125_125_original.jpg,"{""name"":""rect"",""x"":21,""y"":184,""width"":419,""height"":79}",21,184,419,79
440,N126_126_original.jpg,"{""name"":""rect"",""x"":48,""y"":195,""width"":390,""height"":84}",48,195,390,84
441,N127_127_original.jpg,"{""name"":""rect"",""x"":68,""y"":205,""width"":368,""height"":87}",68,205,368,87
442,N128_128_original.jpg,"{""name"":""rect"",""x"":62,""y"":204,""width"":354,""height"":83}",62,204,354,83
443,N129_129_original.jpg,"{""name"":""rect"",""x"":139,""y"":117,""width"":346,""height"":81}",139,117,346,81
444,N130_130_original.jpg,"{""name"":""rect"",""x"":41,""y"":193,""width"":379,""height"":87}",41,193,379,87
445,N131_131_original.jpg,"{""name"":""rect"",""x"":56,""y"":168,""width"":359,""height"":127}",56,168,359,127
446,N132_132_original.jpg,"{""name"":""rect"",""x"":81,""y"":109,""width"":385,""height"":127}",81,109,385,127
447,N133_133_original.jpg,"{""name"":""rect"",""x"":70,""y"":192,""width"":354,""height"":98}",70,192,354,98
448,N134_134_original.jpg,"{""name"":""rect"",""x"":47,""y"":189,""width"":382,""height"":109}",47,189,382,109
449,N135_135_original.jpg,"{""name"":""rect"",""x"":18,""y"":197,""width"":464,""height"":100}",18,197,464,100
450,N136_136_original.jpg,"{""name"":""rect"",""x"":45,""y"":189,""width"":417,""height"":107}",45,189,417,107
451,N137_137_original.jpg,"{""name"":""rect"",""x"":64,""y"":202,""width"":339,""height"":98}",64,202,339,98
452,N138_138_original.jpg,"{""name"":""rect"",""x"":66,""y"":208,""width"":318,""height"":68}",66,208,318,68
453,N139_139_original.jpg,"{""name"":""rect"",""x"":86,""y"":198,""width"":352,""height"":93}",86,198,352,93
454,N140_140_original.jpg,"{""name"":""rect"",""x"":40,""y"":196,""width"":385,""height"":93}",40,196,385,93
455,N141_141_original.jpg,"{""name"":""rect"",""x"":59,""y"":176,""width"":359,""height"":90}",59,176,359,90
456,N142_142_original.jpg,"{""name"":""rect"",""x"":10,""y"":13,""width"":462,""height"":337}",10,13,462,337
457,N143_143_original.jpg,"{""name"":""rect"",""x"":45,""y"":203,""width"":361,""height"":93}",45,203,361,93
458,N144_144_original.jpg,"{""name"":""rect"",""x"":126,""y"":177,""width"":240,""height"":203}",126,177,240,203
459,N145_145_original.jpg,"{""name"":""rect"",""x"":92,""y"":140,""width"":318,""height"":152}",92,140,318,152
460,N146_146_original.jpg,"{""name"":""rect"",""x"":39,""y"":178,""width"":398,""height"":109}",39,178,398,109
461,N147_147_original.jpg,"{""name"":""rect"",""x"":70,""y"":193,""width"":380,""height"":118}",70,193,380,118
462,N148_148_original.jpg,"{""name"":""rect"",""x"":22,""y"":177,""width"":425,""height"":122}",22,177,425,122
463,N149_149_original.jpg,"{""name"":""rect"",""x"":57,""y"":241,""width"":383,""height"":115}",57,241,383,115
464,N150_150_original.jpg,"{""name"":""rect"",""x"":57,""y"":224,""width"":357,""height"":70}",57,224,357,70
465,N151_151_original.jpg,"{""name"":""rect"",""x"":10,""y"":124,""width"":472,""height"":248}",10,124,472,248
466,N152_152_original.jpg,"{""name"":""rect"",""x"":45,""y"":208,""width"":357,""height"":91}",45,208,357,91
467,N153_153_original.jpg,"{""name"":""rect"",""x"":46,""y"":202,""width"":406,""height"":88}",46,202,406,88
468,N154_154_original.jpg,"{""name"":""rect"",""x"":52,""y"":203,""width"":399,""height"":87}",52,203,399,87
469,N155_155_original.jpg,"{""name"":""rect"",""x"":103,""y"":217,""width"":275,""height"":73}",103,217,275,73
470,N156_156_original.jpg,"{""name"":""rect"",""x"":98,""y"":148,""width"":311,""height"":198}",98,148,311,198
471,N157_157_original.jpg,"{""name"":""rect"",""x"":67,""y"":194,""width"":347,""height"":90}",67,194,347,90
472,N158_158_original.jpg,"{""name"":""rect"",""x"":78,""y"":193,""width"":342,""height"":79}",78,193,342,79
473,N159_159_original.jpg,"{""name"":""rect"",""x"":129,""y"":170,""width"":336,""height"":144}",129,170,336,144
474,N160_160_original.jpg,"{""name"":""rect"",""x"":104,""y"":378,""width"":297,""height"":68}",104,378,297,68
475,N161_161_original.jpg,"{""name"":""rect"",""x"":130,""y"":169,""width"":328,""height"":143}",130,169,328,143
476,N162_162_original.jpg,"{""name"":""rect"",""x"":151,""y"":162,""width"":311,""height"":116}",151,162,311,116
477,N163_163_original.jpg,"{""name"":""rect"",""x"":60,""y"":198,""width"":362,""height"":105}",60,198,362,105
478,N164_164_original.jpg,"{""name"":""rect"",""x"":26,""y"":173,""width"":452,""height"":148}",26,173,452,148
479,N165_165_original.jpg,"{""name"":""rect"",""x"":34,""y"":192,""width"":445,""height"":112}",34,192,445,112
480,N166_166_original.jpg,"{""name"":""rect"",""x"":127,""y"":116,""width"":292,""height"":196}",127,116,292,196
481,N167_167_original.jpg,"{""name"":""rect"",""x"":71,""y"":110,""width"":323,""height"":308}",71,110,323,308
482,N168_168_original.jpg,"{""name"":""rect"",""x"":2,""y"":160,""width"":476,""height"":92}",2,160,476,92
483,N169_169_original.jpg,"{""name"":""rect"",""x"":54,""y"":215,""width"":340,""height"":87}",54,215,340,87
484,N170_170_original.jpg,"{""name"":""rect"",""x"":123,""y"":218,""width"":256,""height"":68}",123,218,256,68
485,N171_171_original.jpg,"{""name"":""rect"",""x"":162,""y"":177,""width"":328,""height"":177}",162,177,328,177
486,N172_172_original.jpg,"{""name"":""rect"",""x"":198,""y"":253,""width"":232,""height"":65}",198,253,232,65
487,N173_173_original.jpg,"{""name"":""rect"",""x"":62,""y"":236,""width"":388,""height"":56}",62,236,388,56
488,N174_174_horiginal.jpg,"{""name"":""rect"",""x"":108,""y"":209,""width"":254,""height"":107}",108,209,254,107
489,N175_175_original.jpg,"{""name"":""rect"",""x"":178,""y"":205,""width"":194,""height"":60}",178,205,194,60
490,N176_176_original.jpg,"{""name"":""rect"",""x"":116,""y"":158,""width"":323,""height"":270}",116,158,323,270
491,N177_177_original.jpg,"{""name"":""rect"",""x"":166,""y"":219,""width"":144,""height"":151}",166,219,144,151
492,N178_178_original.jpg,"{""name"":""rect"",""x"":199,""y"":217,""width"":241,""height"":89}",199,217,241,89
493,N179_179_original.jpg,"{""name"":""rect"",""x"":206,""y"":204,""width"":242,""height"":84}",206,204,242,84
494,N180_180_original.jpg,"{""name"":""rect"",""x"":86,""y"":194,""width"":300,""height"":119}",86,194,300,119
495,N181_181_original.jpg,"{""name"":""rect"",""x"":141,""y"":179,""width"":317,""height"":161}",141,179,317,161
496,N182_182_original.jpg,"{""name"":""rect"",""x"":134,""y"":220,""width"":301,""height"":92}",134,220,301,92
497,N183_183_original.jpg,"{""name"":""rect"",""x"":172,""y"":223,""width"":262,""height"":85}",172,223,262,85
498,N184_184_original.jpg,"{""name"":""rect"",""x"":59,""y"":175,""width"":359,""height"":137}",59,175,359,137
499,N185_185_original.jpg,"{""name"":""rect"",""x"":143,""y"":224,""width"":293,""height"":143}",143,224,293,143
500,N186_186_original.jpg,"{""name"":""rect"",""x"":234,""y"":216,""width"":236,""height"":73}",234,216,236,73
501,N187_187_original.jpg,"{""name"":""rect"",""x"":100,""y"":218,""width"":186,""height"":75}",100,218,186,75
502,N188_188_original.jpg,"{""name"":""rect"",""x"":119,""y"":188,""width"":315,""height"":134}",119,188,315,134
503,N189_189_original.jpg,"{""name"":""rect"",""x"":156,""y"":210,""width"":239,""height"":84}",156,210,239,84
504,N190_190_original.jpg,"{""name"":""rect"",""x"":150,""y"":283,""width"":239,""height"":66}",150,283,239,66
505,N191_191_original.jpg,"{""name"":""rect"",""x"":171,""y"":203,""width"":231,""height"":68}",171,203,231,68
506,N192_192_original.jpg,"{""name"":""rect"",""x"":177,""y"":197,""width"":265,""height"":81}",177,197,265,81
507,N193_193_original.jpg,"{""name"":""rect"",""x"":174,""y"":180,""width"":220,""height"":116}",174,180,220,116
508,N194_194_original.jpg,"{""name"":""rect"",""x"":179,""y"":197,""width"":227,""height"":99}",179,197,227,99
509,N195_195_original.jpg,"{""name"":""rect"",""x"":161,""y"":189,""width"":302,""height"":107}",161,189,302,107
510,N196_196_original.jpg,"{""name"":""rect"",""x"":169,""y"":209,""width"":221,""height"":106}",169,209,221,106
511,N197_197_original.jpg,"{""name"":""rect"",""x"":150,""y"":177,""width"":283,""height"":130}",150,177,283,130
512,N198_198_original.jpg,"{""name"":""rect"",""x"":178,""y"":161,""width"":164,""height"":225}",178,161,164,225
513,N199_199_original.jpg,"{""name"":""rect"",""x"":125,""y"":203,""width"":322,""height"":73}",125,203,322,73
514,N200_200_original.jpg,"{""name"":""rect"",""x"":54,""y"":103,""width"":409,""height"":273}",54,103,409,273
515,N201_201_original.jpg,"{""name"":""rect"",""x"":194,""y"":203,""width"":221,""height"":80}",194,203,221,80
516,N202_202_original.jpg,"{""name"":""rect"",""x"":186,""y"":213,""width"":221,""height"":95}",186,213,221,95
517,N203_203_original.jpg,"{""name"":""rect"",""x"":218,""y"":196,""width"":218,""height"":136}",218,196,218,136
518,N204_204_original.jpg,"{""name"":""rect"",""x"":227,""y"":212,""width"":179,""height"":86}",227,212,179,86
519,N205_205_original.jpg,"{""name"":""rect"",""x"":190,""y"":168,""width"":203,""height"":140}",190,168,203,140
520,N206_206_original.jpg,"{""name"":""rect"",""x"":202,""y"":167,""width"":150,""height"":147}",202,167,150,147
521,N207_207_original.jpg,"{""name"":""rect"",""x"":114,""y"":202,""width"":144,""height"":81}",114,202,144,81
522,N208_208_original.jpg,"{""name"":""rect"",""x"":101,""y"":238,""width"":199,""height"":66}",101,238,199,66
523,N209_209_original.jpg,"{""name"":""rect"",""x"":41,""y"":210,""width"":243,""height"":101}",41,210,243,101
524,N210_210_original.jpg,"{""name"":""rect"",""x"":148,""y"":192,""width"":304,""height"":176}",148,192,304,176
525,N211_211_original.jpg,"{""name"":""rect"",""x"":22,""y"":113,""width"":456,""height"":303}",22,113,456,303
526,N212_212_original.jpg,"{""name"":""rect"",""x"":128,""y"":151,""width"":362,""height"":205}",128,151,362,205
527,N213_213_original.jpg,"{""name"":""rect"",""x"":22,""y"":52,""width"":425,""height"":359}",22,52,425,359
528,N214_214_original.jpg,"{""name"":""rect"",""x"":206,""y"":163,""width"":280,""height"":157}",206,163,280,157
529,N215_215_original.jpg,"{""name"":""rect"",""x"":155,""y"":210,""width"":317,""height"":113}",155,210,317,113
530,N216_216_original.jpg,"{""name"":""rect"",""x"":174,""y"":197,""width"":249,""height"":95}",174,197,249,95
531,N217_217_original.jpg,"{""name"":""rect"",""x"":186,""y"":190,""width"":260,""height"":98}",186,190,260,98
532,N218_218_original.jpg,"{""name"":""rect"",""x"":40,""y"":74,""width"":426,""height"":330}",40,74,426,330
533,N219_219_original.jpg,"{""name"":""rect"",""x"":158,""y"":214,""width"":315,""height"":87}",158,214,315,87
534,N220_220_original.jpg,"{""name"":""rect"",""x"":41,""y"":3,""width"":401,""height"":333}",41,3,401,333
535,N221_221_original.jpg,"{""name"":""rect"",""x"":43,""y"":43,""width"":431,""height"":419}",43,43,431,419
536,N222_222_original.jpg,"{""name"":""rect"",""x"":51,""y"":164,""width"":366,""height"":167}",51,164,366,167
537,N223_223_original.jpg,"{""name"":""rect"",""x"":36,""y"":155,""width"":406,""height"":194}",36,155,406,194
538,N224_224_original.jpg,"{""name"":""rect"",""x"":94,""y"":212,""width"":310,""height"":79}",94,212,310,79
539,N225_225_original.jpg,"{""name"":""rect"",""x"":22,""y"":172,""width"":421,""height"":145}",22,172,421,145
540,N226_226_original.jpg,"{""name"":""rect"",""x"":141,""y"":156,""width"":269,""height"":179}",141,156,269,179
541,N227_227_original.jpg,"{""name"":""rect"",""x"":67,""y"":188,""width"":379,""height"":128}",67,188,379,128
542,N228_228_original.jpg,"{""name"":""rect"",""x"":21,""y"":180,""width"":446,""height"":188}",21,180,446,188
543,N229_229_original.jpg,"{""name"":""rect"",""x"":40,""y"":138,""width"":370,""height"":223}",40,138,370,223
544,N230_230_original.jpg,"{""name"":""rect"",""x"":61,""y"":182,""width"":399,""height"":97}",61,182,399,97
545,N231_231_original.jpg,"{""name"":""rect"",""x"":15,""y"":198,""width"":439,""height"":142}",15,198,439,142
546,N232_232_original.jpg,"{""name"":""rect"",""x"":31,""y"":190,""width"":396,""height"":118}",31,190,396,118
547,N233_233_original.jpg,"{""name"":""rect"",""x"":56,""y"":186,""width"":366,""height"":114}",56,186,366,114
548,N234_234_original.jpg,"{""name"":""rect"",""x"":152,""y"":276,""width"":222,""height"":70}",152,276,222,70
549,N235_235_original.jpg,"{""name"":""rect"",""x"":36,""y"":115,""width"":453,""height"":193}",36,115,453,193
550,N236_236_original.jpg,"{""name"":""rect"",""x"":65,""y"":169,""width"":393,""height"":151}",65,169,393,151
551,N237_237_original.jpg,"{""name"":""rect"",""x"":138,""y"":221,""width"":218,""height"":65}",138,221,218,65
552,N238_238_original.jpg,"{""name"":""rect"",""x"":18,""y"":161,""width"":443,""height"":223}",18,161,443,223
553,N239_239_original.jpg,"{""name"":""rect"",""x"":42,""y"":172,""width"":374,""height"":168}",42,172,374,168
554,N240_240_original.jpg,"{""name"":""rect"",""x"":122,""y"":192,""width"":242,""height"":93}",122,192,242,93
555,N241_241_original.jpg,"{""name"":""rect"",""x"":29,""y"":183,""width"":409,""height"":133}",29,183,409,133
556,N242_242_original.jpg,"{""name"":""rect"",""x"":12,""y"":192,""width"":455,""height"":132}",12,192,455,132
557,N243_243_original.jpg,"{""name"":""rect"",""x"":19,""y"":130,""width"":442,""height"":250}",19,130,442,250
558,N244_244_original.jpg,"{""name"":""rect"",""x"":8,""y"":66,""width"":491,""height"":328}",8,66,491,328
559,N245_245_original.jpg,"{""name"":""rect"",""x"":42,""y"":177,""width"":384,""height"":146}",42,177,384,146
560,N246_246_original.jpg,"{""name"":""rect"",""x"":9,""y"":36,""width"":474,""height"":372}",9,36,474,372
561,N247_247_original.jpg,"{""name"":""rect"",""x"":52,""y"":105,""width"":402,""height"":295}",52,105,402,295
562,N248_248_original.jpg,"{""name"":""rect"",""x"":1,""y"":36,""width"":478,""height"":404}",1,36,478,404
563,N249_249_original.jpg,"{""name"":""rect"",""x"":43,""y"":99,""width"":435,""height"":312}",43,99,435,312
564,N250_250_original.jpg,"{""name"":""rect"",""x"":22,""y"":72,""width"":436,""height"":307}",22,72,436,307
565,N251_251_original.jpg,"{""name"":""rect"",""x"":26,""y"":146,""width"":427,""height"":202}",26,146,427,202
566,N252_252_original.jpg,"{""name"":""rect"",""x"":55,""y"":73,""width"":429,""height"":303}",55,73,429,303
567,N253_253_original.jpg,"{""name"":""rect"",""x"":22,""y"":85,""width"":453,""height"":290}",22,85,453,290
568,N254_254_original.jpg,"{""name"":""rect"",""x"":9,""y"":55,""width"":446,""height"":365}",9,55,446,365
569,N255_255_original.jpg,"{""name"":""rect"",""x"":50,""y"":53,""width"":389,""height"":383}",50,53,389,383
570,N256_256_original.jpg,"{""name"":""rect"",""x"":24,""y"":146,""width"":408,""height"":212}",24,146,408,212
571,N257_257_original.jpg,"{""name"":""rect"",""x"":53,""y"":212,""width"":396,""height"":84}",53,212,396,84
572,N258_258_original.jpg,"{""name"":""rect"",""x"":38,""y"":144,""width"":415,""height"":219}",38,144,415,219
573,N259_259_original.jpg,"{""name"":""rect"",""x"":162,""y"":190,""width"":296,""height"":129}",162,190,296,129
574,N260_260_original.jpg,"{""name"":""rect"",""x"":23,""y"":64,""width"":426,""height"":340}",23,64,426,340
575,N261_261_original.jpg,"{""name"":""rect"",""x"":82,""y"":84,""width"":318,""height"":348}",82,84,318,348
576,N262_262_original.jpg,"{""name"":""rect"",""x"":17,""y"":99,""width"":451,""height"":285}",17,99,451,285
577,N263_263_original.jpg,"{""name"":""rect"",""x"":18,""y"":23,""width"":459,""height"":409}",18,23,459,409
578,N264_264_original.jpg,"{""name"":""rect"",""x"":17,""y"":177,""width"":457,""height"":151}",17,177,457,151
579,N265_265_original.jpg,"{""name"":""rect"",""x"":51,""y"":205,""width"":372,""height"":113}",51,205,372,113
580,N266_266_original.jpg,"{""name"":""rect"",""x"":33,""y"":121,""width"":405,""height"":299}",33,121,405,299
581,N267_267_original.jpg,"{""name"":""rect"",""x"":121,""y"":294,""width"":288,""height"":78}",121,294,288,78
582,N268_268_original.jpg,"{""name"":""rect"",""x"":21,""y"":64,""width"":442,""height"":357}",21,64,442,357
583,N269_269_original.jpg,"{""name"":""rect"",""x"":230,""y"":205,""width"":218,""height"":97}",230,205,218,97
584,N270_270_original.jpg,"{""name"":""rect"",""x"":198,""y"":188,""width"":256,""height"":119}",198,188,256,119
585,N271_271_original.jpg,"{""name"":""rect"",""x"":153,""y"":180,""width"":287,""height"":100}",153,180,287,100
586,N272_272_original.jpg,"{""name"":""rect"",""x"":148,""y"":197,""width"":337,""height"":115}",148,197,337,115
587,N273_273_original.jpg,"{""name"":""rect"",""x"":54,""y"":61,""width"":363,""height"":379}",54,61,363,379
588,N274_274_original.jpg,"{""name"":""rect"",""x"":99,""y"":179,""width"":307,""height"":134}",99,179,307,134
589,N275_275_original.jpg,"{""name"":""rect"",""x"":51,""y"":184,""width"":386,""height"":272}",51,184,386,272
590,N276_276_original.jpg,"{""name"":""rect"",""x"":100,""y"":223,""width"":287,""height"":93}",100,223,287,93
591,N277_277_original.jpg,"{""name"":""rect"",""x"":43,""y"":47,""width"":431,""height"":417}",43,47,431,417
592,N278_278_original.jpg,"{""name"":""rect"",""x"":190,""y"":215,""width"":267,""height"":65}",190,215,267,65
593,N279_279_original.jpg,"{""name"":""rect"",""x"":5,""y"":76,""width"":473,""height"":301}",5,76,473,301
594,N280_280_original.jpg,"{""name"":""rect"",""x"":9,""y"":61,""width"":469,""height"":334}",9,61,469,334
595,N281_281_original.jpg,"{""name"":""rect"",""x"":6,""y"":15,""width"":476,""height"":416}",6,15,476,416
596,N282_282_original.jpg,"{""name"":""rect"",""x"":97,""y"":134,""width"":241,""height"":314}",97,134,241,314
597,N283_283_original.jpg,"{""name"":""rect"",""x"":6,""y"":61,""width"":480,""height"":346}",6,61,480,346
598,N284_284_original.jpg,"{""name"":""rect"",""x"":14,""y"":235,""width"":468,""height"":93}",14,235,468,93
599,N285_285_original.jpg,"{""name"":""rect"",""x"":55,""y"":183,""width"":354,""height"":120}",55,183,354,120
600,N286_286_original.jpg,"{""name"":""rect"",""x"":25,""y"":161,""width"":414,""height"":184}",25,161,414,184
601,N287_287_original.jpg,"{""name"":""rect"",""x"":30,""y"":178,""width"":416,""height"":118}",30,178,416,118
602,N288_288_original.jpg,"{""name"":""rect"",""x"":54,""y"":178,""width"":395,""height"":134}",54,178,395,134
603,N289_289_original.jpg,"{""name"":""rect"",""x"":23,""y"":142,""width"":430,""height"":164}",23,142,430,164
604,N290_290_original.jpg,"{""name"":""rect"",""x"":114,""y"":160,""width"":302,""height"":136}",114,160,302,136
