ImageName,city
im922.jpg,sheffield
N244_244_original.jpg,london
im765.jpg,london
im400.jpg,chester
164_original.jpg,london
N209_209_original.jpg,london
im749.jpg,dublin
N128_128_original.jpg,sheffield
24_original.jpg,london
im766.jpg,sheffield
im767.jpg,birmingham
im863.jpg,sheffield
N20_20_original.jpg,birmingham
70_original.jpg,birmingham
im65.jpg,sheffield
175_original.jpg,birmingham
im761.jpg,chester
N68_68_original.jpg,london
im844.jpg,chester
im169.jpg,sheffield
im820.jpg,chester
96_original.jpg,sheffield
im329.jpg,sheffield
im52.jpg,sheffield
im702.jpg,glasgow
N277_277_original.jpg,glasgow
im569.jpg,glasgow
im465.jpg,london
im478.jpg,london
im283.jpg,newcastle
im711.jpg,birmingham
im488.jpg,chester
im690.jpg,chester
im223.jpg,sheffield
im560.jpg,chester
im401.jpg,london
im744.jpg,chester
im142.jpg,london
im769.jpg,newcastle
im883.jpg,dublin
im51.jpg,sheffield
N261_261_original.jpg,london
224_original.jpg,london
im707.jpg,sheffield
N225_225_original.jpg,chester
N213_213_original.jpg,london
N172_172_original.jpg,birmingham
im877.jpg,chester
N48_48_original.jpg,edinburgh
N39_39_original.jpg,london
im747.jpg,sheffield
im146.jpg,chester
im335.jpg,sheffield
im351.jpg,exeter
78_original.jpg,london
im527.jpg,exeter
141_original.jpg,glasgow
im414.jpg,chester
im145.jpg,london
48_original.jpg,birmingham
im116.jpg,edinburgh
im840.jpg,chester
im483.jpg,birmingham
N256_256_original.jpg,london
im166.jpg,london
N76_76_original.jpg,london
im371.jpg,sheffield
263_original.jpg,birmingham
N243_243_original.jpg,london
im61.jpg,sheffield
im732.jpg,sheffield
im736.jpg,london
im190.jpg,chester
N75_75_original.jpg,dublin
N233_233_original.jpg,london
im436.jpg,sheffield
N180_180_original.jpg,london
im705.jpg,sheffield
N107_107_original.jpg,london
N218_218_original.jpg,london
N264_264_original.jpg,london
im35.jpg,london
185_original.jpg,birmingham
im921.jpg,chester
N51_51_original.jpg,london
N282_282_original.jpg,london
im886.jpg,sheffield
N4_4_original.jpg,london
im97.jpg,birmingham
im676.jpg,london
N221_221_original.jpg,london
198_original.jpg,sheffield
N71_71_original.jpg,birmingham
im319.jpg,chester
271_original.jpg,london
im718.jpg,sheffield
im161.jpg,birmingham
im365.jpg,birmingham
im229.jpg,chester
6_original.jpg,chester
im1.jpg,sheffield
im344.jpg,dublin
im352.jpg,sheffield
im837.jpg,birmingham
im717.jpg,sheffield
172_original.jpg,sheffield
220_original.jpg,birmingham
32_original.jpg,london
im234.jpg,glasgow
im918.jpg,chester
N274_274_original.jpg,london
im671.jpg,edinburgh
im879.jpg,sheffield
im361.jpg,sheffield
im609.jpg,london
im575.jpg,london
im605.jpg,london
im249.jpg,glasgow
im471.jpg,london
im202.jpg,edinburgh
im480.jpg,sheffield
im215.jpg,chester
36_original.jpg,sheffield
im686.jpg,birmingham
im108.jpg,chester
66_original.jpg,birmingham
im835.jpg,birmingham
N2_2_original.jpg,birmingham
76_original.jpg,birmingham
im559.jpg,london
N47_47_original.jpg,london
N66_66_original.jpg,birmingham
N179_179_original.jpg,sheffield
im546.jpg,birmingham
45_original.jpg,sheffield
278_original.jpg,sheffield
im431.jpg,sheffield
N85_85_original.jpg,birmingham
im286.jpg,birmingham
im670.jpg,london
N207_207_original.jpg,sheffield
im454.jpg,birmingham
im55.jpg,london
im300.jpg,london
178_original.jpg,sheffield
im43.jpg,dublin
im578.jpg,chester
im432.jpg,sheffield
im916.jpg,edinburgh
im89.jpg,chester
247_original.jpg,sheffield
im242.jpg,edinburgh
im393.jpg,london
N79_79_original.jpg,sheffield
im314.jpg,birmingham
199_original.jpg,edinburgh
im459.jpg,exeter
153_original.jpg,london
im193.jpg,london
im884.jpg,dublin
im687.jpg,edinburgh
N23_23_original.jpg,london
im439.jpg,sheffield
im462.jpg,exeter
im302.jpg,birmingham
85_original.jpg,london
im176.jpg,birmingham
im573.jpg,sheffield
im524.jpg,glasgow
im115.jpg,london
N228_228_original.jpg,london
im177.jpg,sheffield
im381.jpg,london
im838.jpg,birmingham
im529.jpg,edinburgh
N191_191_original.jpg,london
im396.jpg,sheffield
im122.jpg,birmingham
im682.jpg,sheffield
im724.jpg,london
im276.jpg,sheffield
im236.jpg,sheffield
119_original.jpg,birmingham
im364.jpg,london
47_original.jpg,birmingham
im731.jpg,newcastle
im450.jpg,london
132_original.jpg,london
94_original.jpg,london
230_original.jpg,london
N263_263_original.jpg,london
49_original.jpg,birmingham
270_original.jpg,london
N223_223_original.jpg,london
31_original.jpg,london
im626.jpg,exeter
im379.jpg,london
N144_144_original.jpg,london
189_original.jpg,london
171_original.jpg,london
N165_165_original.jpg,birmingham
20_original.jpg,birmingham
im346.jpg,birmingham
206_original.jpg,london
im828.jpg,sheffield
im745.jpg,sheffield
207_original.jpg,sheffield
N160_160_original.jpg,sheffield
im903.jpg,chester
im239.jpg,london
im411.jpg,edinburgh
im655.jpg,edinburgh
im423.jpg,london
im740.jpg,edinburgh
im410.jpg,london
im892.jpg,chester
137_original.jpg,birmingham
N153_153_original.jpg,sheffield
im861.jpg,edinburgh
N34_34_original.jpg,london
im836.jpg,sheffield
8_original.jpg,birmingham
N186_186_original.jpg,london
im374.jpg,sheffield
im287.jpg,birmingham
232_original.jpg,london
238_original.jpg,birmingham
im14.jpg,glasgow
65_original.jpg,birmingham
im149.jpg,birmingham
125_original.jpg,birmingham
222_original.jpg,london
126_original.jpg,birmingham
N220_220_original.jpg,london
7_original.jpg,chester
im440.jpg,edinburgh
N194_194_original.jpg,sheffield
im594.jpg,newcastle
im895.jpg,sheffield
im38.jpg,sheffield
im779.jpg,london
N122_122_original.jpg,birmingham
N241_241_original.jpg,birmingham
im597.jpg,sheffield
im842.jpg,glasgow
im164.jpg,sheffield
im189.jpg,dublin
im240.jpg,glasgow
235_original.jpg,london
256_original.jpg,birmingham
251_original.jpg,birmingham
9_original.jpg,sheffield
N254_254_original.jpg,london
im484.jpg,chester
im443.jpg,birmingham
im772.jpg,chester
im658.jpg,birmingham
168_original.jpg,birmingham
im19.jpg,chester
147_original.jpg,london
im746.jpg,edinburgh
im832.jpg,london
N70_70_original.jpg,sheffield
im473.jpg,sheffield
269_original.jpg,london
131_original.jpg,chester
im113.jpg,sheffield
im174.jpg,newcastle
89_original.jpg,birmingham
im600.jpg,sheffield
im712.jpg,sheffield
246_original.jpg,london
im659.jpg,london
im664.jpg,birmingham
213_original.jpg,sheffield
im823.jpg,sheffield
123_original.jpg,birmingham
N132_132_original.jpg,london
im339.jpg,london
N203_203_original.jpg,sheffield
im669.jpg,sheffield
im739.jpg,edinburgh
im235.jpg,birmingham
N258_258_original.jpg,london
182_original.jpg,london
N166_166_original.jpg,london
N123_123_original.jpg,london
N162_162_original.jpg,sheffield
272_original.jpg,london
226_original.jpg,birmingham
im357.jpg,london
im11.jpg,sheffield
N138_138_original.jpg,london
29_original.jpg,sheffield
N178_178_original.jpg,london
160_original.jpg,sheffield
281_original.jpg,birmingham
im140.jpg,chester
im606.jpg,chester
N224_224_original.jpg,sheffield
im348.jpg,sheffield
im85.jpg,exeter
35_original.jpg,london
im399.jpg,edinburgh
N102_102_original.jpg,newcastle
177_original.jpg,sheffield
12_original.jpg,london
im504.jpg,london
N276_276_original.jpg,sheffield
im654.jpg,london
179_original.jpg,london
121_original.jpg,newcastle
N133_133_original.jpg,sheffield
im583.jpg,london
im706.jpg,sheffield
15_original.jpg,birmingham
im495.jpg,sheffield
im186.jpg,birmingham
77_original.jpg,london
im375.jpg,edinburgh
111_original.jpg,london
88_original.jpg,chester
im221.jpg,exeter
im544.jpg,london
im753.jpg,sheffield
N253_253_original.jpg,london
im805.jpg,london
N86_86_original.jpg,sheffield
im703.jpg,london
im419.jpg,birmingham
im799.jpg,sheffield
58_original.jpg,birmingham
69_original.jpg,birmingham
im898.jpg,sheffield
166_original.jpg,london
im798.jpg,birmingham
N204_204_original.jpg,sheffield
im571.jpg,sheffield
N158_158_original.jpg,sheffield
im816.jpg,exeter
im168.jpg,chester
N83_83_original.jpg,sheffield
N95_95_original.jpg,chester
N230_230_original.jpg,birmingham
N94_94_original.jpg,chester
im297.jpg,chester
218_original.jpg,london
N266_266_original.jpg,london
188_original.jpg,sheffield
N219_219_original.jpg,birmingham
im733.jpg,exeter
120_original.jpg,newcastle
im456.jpg,chester
im273.jpg,glasgow
N145_145_original.jpg,sheffield
im362.jpg,edinburgh
im730.jpg,chester
im540.jpg,dublin
N175_175_original.jpg,london
im608.jpg,sheffield
im725.jpg,sheffield
N214_214_original.jpg,london
N187_187_original.jpg,sheffield
N217_217_original.jpg,birmingham
4_original.jpg,sheffield
N192_192_original.jpg,london
im754.jpg,birmingham
122_original.jpg,chester
im784.jpg,birmingham
34_original.jpg,london
N215_215_original.jpg,london
N262_262_original.jpg,london
im77.jpg,sheffield
im421.jpg,dublin
227_original.jpg,london
im742.jpg,sheffield
im147.jpg,sheffield
26_original.jpg,london
233_original.jpg,london
im405.jpg,birmingham
im47.jpg,sheffield
N8_8_original.jpg,london
im907.jpg,sheffield
N265_265_original.jpg,london
im562.jpg,sheffield
im331.jpg,london
im893.jpg,chester
101_original.jpg,london
N3_3_original.jpg,sheffield
59_original.jpg,birmingham
im91.jpg,birmingham
im198.jpg,chester
im582.jpg,sheffield
N146_146_original.jpg,london
186_original.jpg,birmingham
158_original.jpg,london
im520.jpg,chester
im620.jpg,london
N38_38_original.jpg,london
im631.jpg,sheffield
116_original.jpg,birmingham
im785.jpg,exeter
273_original.jpg,birmingham
46_original.jpg,london
im556.jpg,birmingham
N151_151_original.jpg,london
im902.jpg,birmingham
N227_227_original.jpg,sheffield
N35_35_original.jpg,london
240_original.jpg,birmingham
im640.jpg,edinburgh
im157.jpg,birmingham
N255_255_original.jpg,london
im241.jpg,birmingham
im494.jpg,london
im751.jpg,chester
98_original.jpg,birmingham
N115_115_original.jpg,birmingham
N281_281_original.jpg,exeter
im79.jpg,chester
107_original.jpg,london
im490.jpg,edinburgh
1_original.jpg,birmingham
183_original.jpg,sheffield
im917.jpg,dublin
im192.jpg,sheffield
219_original.jpg,birmingham
im698.jpg,london
im887.jpg,sheffield
im26.jpg,birmingham
im641.jpg,dublin
154_original.jpg,london
N58_58_original.jpg,london
im308.jpg,edinburgh
im368.jpg,birmingham
im617.jpg,chester
im645.jpg,glasgow
N173_173_original.jpg,birmingham
im21.jpg,newcastle
11_original.jpg,birmingham
im759.jpg,birmingham
im498.jpg,sheffield
im830.jpg,sheffield
N97_97_original.jpg,london
im470.jpg,glasgow
im225.jpg,dublin
N60_60_original.jpg,sheffield
im521.jpg,glasgow
241_original.jpg,london
N116_116_original.jpg,london
im104.jpg,sheffield
im827.jpg,sheffield
im727.jpg,birmingham
im561.jpg,london
150_original.jpg,london
im675.jpg,london
im662.jpg,sheffield
im23.jpg,london
N142_142_original.jpg,london
im119.jpg,sheffield
im505.jpg,birmingham
im714.jpg,exeter
im775.jpg,edinburgh
im500.jpg,chester
N91_91_original.jpg,london
im822.jpg,birmingham
im919.jpg,exeter
im452.jpg,glasgow
im232.jpg,london
im748.jpg,london
im39.jpg,sheffield
im403.jpg,chester
N184_184_original.jpg,london
im910.jpg,glasgow
im888.jpg,sheffield
N117_117_original.jpg,london
im692.jpg,sheffield
N1_1_original.jpg,sheffield
55_original.jpg,birmingham
im528.jpg,sheffield
im392.jpg,london
N154_154_original.jpg,london
im383.jpg,sheffield
N182_182_original.jpg,london
N269_269_original.jpg,sheffield
im56.jpg,birmingham
N27_27_original.jpg,london
im510.jpg,london
im576.jpg,london
N57_57_original.jpg,london
52_original.jpg,birmingham
im275.jpg,chester
im821.jpg,newcastle
im409.jpg,edinburgh
N157_157_original.jpg,sheffield
im537.jpg,birmingham
im741.jpg,edinburgh
51_original.jpg,birmingham
163_original.jpg,london
80_original.jpg,birmingham
im442.jpg,sheffield
N190_190_original.jpg,sheffield
im355.jpg,sheffield
279_original.jpg,sheffield
im568.jpg,birmingham
im256.jpg,london
30_original.jpg,birmingham
im271.jpg,chester
im245.jpg,birmingham
im321.jpg,sheffield
im277.jpg,sheffield
18_original.jpg,london
im538.jpg,sheffield
im668.jpg,birmingham
N216_216_original.jpg,sheffield
192_original.jpg,birmingham
N96_96_original.jpg,london
225_original.jpg,birmingham
im354.jpg,exeter
N32_32_original.jpg,london
im326.jpg,london
N99_99_original.jpg,london
N21_21_original.jpg,london
228_original.jpg,london
im71.jpg,birmingham
im803.jpg,london
im923.jpg,london
im545.jpg,sheffield
im59.jpg,london
im33.jpg,chester
im693.jpg,chester
im757.jpg,birmingham
im325.jpg,birmingham
im428.jpg,sheffield
im661.jpg,london
205_original.jpg,london
im789.jpg,birmingham
124_original.jpg,birmingham
N272_272_original.jpg,chester
im875.jpg,birmingham
215_original.jpg,london
im209.jpg,london
im127.jpg,sheffield
133_original.jpg,birmingham
N64_64_original.jpg,birmingham
im856.jpg,sheffield
im616.jpg,london
im336.jpg,sheffield
231_original.jpg,sheffield
N50_50_original.jpg,london
im713.jpg,exeter
im650.jpg,sheffield
im648.jpg,chester
im790.jpg,edinburgh
im57.jpg,sheffield
im906.jpg,dublin
N11_11_original.jpg,birmingham
N167_167_original.jpg,london
N81_81_original.jpg,birmingham
237_original.jpg,birmingham
im345.jpg,chester
im639.jpg,sheffield
17_original.jpg,london
im621.jpg,birmingham
im237.jpg,chester
N242_242_original.jpg,edinburgh
im137.jpg,dublin
im211.jpg,sheffield
im523.jpg,london
im114.jpg,sheffield
N250_250_original.jpg,london
im689.jpg,chester
im482.jpg,sheffield
N43_43_original.jpg,london
im90.jpg,dublin
im255.jpg,london
157_original.jpg,london
10_original.jpg,birmingham
im251.jpg,london
190_original.jpg,sheffield
im196.jpg,sheffield
im722.jpg,dublin
102_original.jpg,dublin
N89_89_original.jpg,birmingham
N287_287_original.jpg,birmingham
im36.jpg,sheffield
im296.jpg,dublin
N61_61_original.jpg,sheffield
N49_49_original.jpg,sheffield
im377.jpg,birmingham
im755.jpg,chester
261_original.jpg,birmingham
im701.jpg,edinburgh
N121_121_original.jpg,london
60_original.jpg,birmingham
im663.jpg,exeter
im366.jpg,dublin
N131_131_original.jpg,birmingham
im716.jpg,birmingham
im425.jpg,chester
im101.jpg,glasgow
73_original.jpg,birmingham
im83.jpg,chester
114_original.jpg,sheffield
167_original.jpg,london
N195_195_original.jpg,london
im156.jpg,birmingham
im807.jpg,edinburgh
im793.jpg,edinburgh
138_original.jpg,birmingham
im612.jpg,london
im284.jpg,sheffield
im904.jpg,dublin
im303.jpg,newcastle
im264.jpg,dublin
im387.jpg,exeter
im570.jpg,chester
im881.jpg,sheffield
im42.jpg,sheffield
209_original.jpg,birmingham
64_original.jpg,birmingham
156_original.jpg,london
im604.jpg,chester
im587.jpg,sheffield
im831.jpg,birmingham
im467.jpg,sheffield
im806.jpg,sheffield
im281.jpg,chester
212_original.jpg,birmingham
N155_155_original.jpg,london
N205_205_original.jpg,london
155_original.jpg,london
im199.jpg,london
N188_188_original.jpg,london
im812.jpg,sheffield
140_original.jpg,glasgow
im517.jpg,birmingham
im489.jpg,london
275_original.jpg,london
im372.jpg,sheffield
im290.jpg,exeter
N176_176_original.jpg,birmingham
im165.jpg,edinburgh
im554.jpg,london
im574.jpg,chester
201_original.jpg,birmingham
N101_101_original.jpg,london
71_original.jpg,london
im581.jpg,london
im138.jpg,glasgow
im180.jpg,sheffield
im394.jpg,london
N231_231_original.jpg,london
N284_284_original.jpg,london
im868.jpg,birmingham
N135_135_original.jpg,sheffield
274_original.jpg,birmingham
193_original.jpg,birmingham
im279.jpg,sheffield
im817.jpg,birmingham
N163_163_original.jpg,sheffield
im238.jpg,exeter
19_original.jpg,sheffield
im491.jpg,dublin
im24.jpg,london
im233.jpg,glasgow
im580.jpg,dublin
N267_267_original.jpg,london
im124.jpg,sheffield
im413.jpg,birmingham
N25_25_original.jpg,london
254_original.jpg,birmingham
im244.jpg,dublin
N105_105_original.jpg,edinburgh
im54.jpg,london
im882.jpg,birmingham
N110_110_original.jpg,sheffield
95_original.jpg,birmingham
im18.jpg,sheffield
N15_15_original.jpg,birmingham
im519.jpg,sheffield
im666.jpg,sheffield
210_original.jpg,birmingham
im129.jpg,chester
im857.jpg,sheffield
N113_113_original.jpg,london
161_original.jpg,london
N170_170_original.jpg,sheffield
im513.jpg,edinburgh
104_original.jpg,edinburgh
im485.jpg,edinburgh
im378.jpg,chester
im358.jpg,sheffield
37_original.jpg,birmingham
im630.jpg,chester
176_original.jpg,birmingham
im788.jpg,london
N260_260_original.jpg,london
im469.jpg,birmingham
im496.jpg,sheffield
im674.jpg,birmingham
N257_257_original.jpg,london
im596.jpg,sheffield
N181_181_original.jpg,london
118_original.jpg,birmingham
im458.jpg,edinburgh
im697.jpg,chester
im855.jpg,edinburgh
im758.jpg,sheffield
im627.jpg,chester
im31.jpg,chester
im363.jpg,sheffield
N247_247_original.jpg,london
im41.jpg,birmingham
N130_130_original.jpg,london
im628.jpg,chester
im125.jpg,sheffield
im230.jpg,chester
im818.jpg,birmingham
im130.jpg,sheffield
249_original.jpg,birmingham
im224.jpg,sheffield
38_original.jpg,london
im786.jpg,london
im533.jpg,edinburgh
im667.jpg,sheffield
253_original.jpg,birmingham
im890.jpg,birmingham
N156_156_original.jpg,london
im756.jpg,london
im369.jpg,birmingham
im132.jpg,birmingham
im511.jpg,sheffield
N98_98_original.jpg,london
im547.jpg,london
100_original.jpg,london
im912.jpg,sheffield
N13_13_original.jpg,birmingham
im385.jpg,sheffield
N6_6_original.jpg,london
N77_77_original.jpg,london
im330.jpg,dublin
N109_109_original.jpg,birmingham
N9_9_original.jpg,sheffield
im73.jpg,sheffield
N206_206_original.jpg,sheffield
252_original.jpg,london
im632.jpg,sheffield
im404.jpg,birmingham
im327.jpg,london
108_original.jpg,birmingham
N44_44_original.jpg,london
N275_275_original.jpg,sheffield
im492.jpg,london
im870.jpg,edinburgh
im258.jpg,edinburgh
im634.jpg,london
im589.jpg,sheffield
N84_84_original.jpg,london
174_original.jpg,birmingham
im623.jpg,exeter
N199_199_original.jpg,london
23_original.jpg,london
im808.jpg,london
im117.jpg,london
im188.jpg,london
N14_14_original.jpg,london
im853.jpg,glasgow
im534.jpg,birmingham
90_original.jpg,london
im814.jpg,edinburgh
im315.jpg,london
im614.jpg,dublin
im426.jpg,birmingham
im272.jpg,london
im324.jpg,london
243_original.jpg,birmingham
im347.jpg,chester
N271_271_original.jpg,london
N147_147_original.jpg,london
239_original.jpg,birmingham
N177_177_original.jpg,chester
99_original.jpg,london
im111.jpg,chester
im328.jpg,sheffield
62_original.jpg,birmingham
im228.jpg,london
im613.jpg,london
im553.jpg,birmingham
im22.jpg,exeter
im34.jpg,chester
im487.jpg,chester
im850.jpg,exeter
im565.jpg,edinburgh
im343.jpg,sheffield
im726.jpg,dublin
im222.jpg,chester
im360.jpg,glasgow
N127_127_original.jpg,london
N136_136_original.jpg,birmingham
152_original.jpg,london
im649.jpg,sheffield
im905.jpg,glasgow
im4.jpg,birmingham
im20.jpg,chester
im418.jpg,sheffield
43_original.jpg,london
im774.jpg,chester
im781.jpg,chester
im427.jpg,london
N252_252_original.jpg,london
im778.jpg,sheffield
im133.jpg,sheffield
im584.jpg,chester
109_original.jpg,sheffield
im460.jpg,london
im265.jpg,sheffield
im860.jpg,chester
im525.jpg,birmingham
im849.jpg,birmingham
im386.jpg,sheffield
im162.jpg,dublin
im293.jpg,birmingham
im50.jpg,exeter
72_original.jpg,birmingham
im96.jpg,sheffield
im408.jpg,birmingham
im914.jpg,chester
im834.jpg,london
22_original.jpg,london
im159.jpg,sheffield
N196_196_original.jpg,sheffield
im815.jpg,london
87_original.jpg,london
im285.jpg,sheffield
N189_189_original.jpg,sheffield
N87_87_original.jpg,sheffield
im446.jpg,london
234_original.jpg,london
im295.jpg,edinburgh
im585.jpg,glasgow
im126.jpg,sheffield
N200_200_original.jpg,sheffield
im95.jpg,london
im710.jpg,sheffield
N148_148_original.jpg,london
im167.jpg,sheffield
im25.jpg,birmingham
im801.jpg,chester
3_original.jpg,birmingham
im680.jpg,chester
im298.jpg,exeter
280_original.jpg,sheffield
134_original.jpg,birmingham
248_original.jpg,sheffield
im218.jpg,edinburgh
N17_17_original.jpg,london
N28_28_original.jpg,edinburgh
N120_120_original.jpg,london
117_original.jpg,birmingham
im310.jpg,london
N92_92_original.jpg,london
N161_161_original.jpg,birmingham
im46.jpg,dublin
im30.jpg,dublin
im826.jpg,sheffield
im558.jpg,sheffield
im891.jpg,sheffield
im200.jpg,birmingham
im208.jpg,chester
N168_168_original.jpg,birmingham
im195.jpg,exeter
N279_279_original.jpg,london
im416.jpg,edinburgh
im294.jpg,birmingham
N171_171_original.jpg,london
N88_88_original.jpg,london
112_original.jpg,sheffield
im647.jpg,london
im810.jpg,dublin
im435.jpg,chester
im552.jpg,chester
N31_31_original.jpg,london
im333.jpg,birmingham
im700.jpg,birmingham
im453.jpg,birmingham
N288_288_original.jpg,london
im783.jpg,birmingham
245_original.jpg,sheffield
im86.jpg,birmingham
im872.jpg,chester
N30_30_original.jpg,birmingham
im398.jpg,birmingham
N67_67_original.jpg,birmingham
im120.jpg,birmingham
im301.jpg,chester
N52_52_original.jpg,london
229_original.jpg,london
97_original.jpg,sheffield
im84.jpg,sheffield
im447.jpg,sheffield
27_original.jpg,birmingham
144_original.jpg,birmingham
N69_69_original.jpg,london
im13.jpg,london
im651.jpg,dublin
N119_119_original.jpg,birmingham
im250.jpg,birmingham
N100_100_original.jpg,london
N74_74_original.jpg,london
im291.jpg,exeter
im438.jpg,chester
im518.jpg,glasgow
40_original.jpg,birmingham
im629.jpg,exeter
im44.jpg,exeter
im864.jpg,birmingham
im353.jpg,chester
im213.jpg,birmingham
im220.jpg,chester
im135.jpg,sheffield
im541.jpg,sheffield
N234_234_original.jpg,london
im254.jpg,sheffield
242_original.jpg,birmingham
N53_53_original.jpg,london
223_original.jpg,london
im509.jpg,edinburgh
im134.jpg,birmingham
im915.jpg,birmingham
im110.jpg,chester
im499.jpg,london
im451.jpg,chester
im247.jpg,birmingham
im463.jpg,birmingham
im636.jpg,birmingham
N238_238_original.jpg,edinburgh
im475.jpg,exeter
N149_149_original.jpg,london
im497.jpg,sheffield
im610.jpg,exeter
106_original.jpg,chester
im770.jpg,sheffield
N210_210_original.jpg,glasgow
260_original.jpg,birmingham
im210.jpg,edinburgh
im376.jpg,sheffield
im99.jpg,london
im70.jpg,sheffield
im191.jpg,chester
im154.jpg,edinburgh
im175.jpg,exeter
im282.jpg,sheffield
282_original.jpg,birmingham
im7.jpg,birmingham
25_original.jpg,london
93_original.jpg,birmingham
208_original.jpg,london
im109.jpg,exeter
im37.jpg,london
im10.jpg,edinburgh
im550.jpg,birmingham
115_original.jpg,birmingham
im878.jpg,sheffield
86_original.jpg,birmingham
im839.jpg,glasgow
im163.jpg,london
im337.jpg,sheffield
im602.jpg,london
N183_183_original.jpg,london
277_original.jpg,sheffield
im158.jpg,london
im531.jpg,london
im75.jpg,glasgow
N33_33_original.jpg,london
im448.jpg,birmingham
im635.jpg,london
im197.jpg,birmingham
im728.jpg,sheffield
N29_29_original.jpg,sheffield
im356.jpg,london
im82.jpg,dublin
im67.jpg,sheffield
50_original.jpg,birmingham
151_original.jpg,london
im445.jpg,sheffield
im673.jpg,sheffield
im468.jpg,sheffield
im60.jpg,glasgow
N249_249_original.jpg,london
im566.jpg,london
im179.jpg,london
im48.jpg,sheffield
N124_124_original.jpg,london
im380.jpg,london
im53.jpg,london
im136.jpg,birmingham
N239_239_original.jpg,london
im862.jpg,dublin
N237_237_original.jpg,london
N240_240_original.jpg,sheffield
im792.jpg,london
im262.jpg,chester
im908.jpg,sheffield
im417.jpg,london
im185.jpg,edinburgh
N106_106_original.jpg,london
im397.jpg,chester
im370.jpg,chester
im874.jpg,birmingham
im248.jpg,sheffield
im261.jpg,chester
N226_226_original.jpg,chester
im851.jpg,chester
267_original.jpg,birmingham
im885.jpg,sheffield
N290_290_original.jpg,chester
im506.jpg,london
im771.jpg,london
im588.jpg,london
im660.jpg,birmingham
im858.jpg,edinburgh
im407.jpg,sheffield
im141.jpg,birmingham
im49.jpg,chester
im187.jpg,exeter
im334.jpg,london
im688.jpg,sheffield
255_original.jpg,london
im151.jpg,sheffield
im685.jpg,london
28_original.jpg,london
im896.jpg,glasgow
im852.jpg,london
im181.jpg,birmingham
im457.jpg,birmingham
im289.jpg,london
N143_143_original.jpg,sheffield
N141_141_original.jpg,london
im848.jpg,edinburgh
74_original.jpg,birmingham
im738.jpg,newcastle
im780.jpg,edinburgh
im155.jpg,edinburgh
im493.jpg,birmingham
im100.jpg,exeter
N193_193_original.jpg,sheffield
im123.jpg,birmingham
im514.jpg,sheffield
im920.jpg,sheffield
im313.jpg,london
im207.jpg,london
im681.jpg,sheffield
N129_129_original.jpg,dublin
im760.jpg,sheffield
im15.jpg,edinburgh
im699.jpg,chester
im684.jpg,london
N251_251_original.jpg,edinburgh
im388.jpg,sheffield
im709.jpg,birmingham
im389.jpg,sheffield
N283_283_original.jpg,london
im259.jpg,edinburgh
im737.jpg,chester
im307.jpg,chester
N24_24_original.jpg,london
im642.jpg,edinburgh
im900.jpg,sheffield
N65_65_original.jpg,london
im433.jpg,sheffield
im719.jpg,london
im764.jpg,exeter
im437.jpg,birmingham
im859.jpg,newcastle
im619.jpg,sheffield
im184.jpg,edinburgh
127_original.jpg,london
im332.jpg,birmingham
im479.jpg,sheffield
258_original.jpg,birmingham
im183.jpg,sheffield
im615.jpg,birmingham
83_original.jpg,london
im384.jpg,london
im577.jpg,chester
im280.jpg,london
im148.jpg,sheffield
im894.jpg,london
259_original.jpg,london
N37_37_original.jpg,london
im139.jpg,glasgow
67_original.jpg,birmingham
im299.jpg,glasgow
im472.jpg,edinburgh
im72.jpg,birmingham
im715.jpg,sheffield
im911.jpg,edinburgh
N93_93_original.jpg,birmingham
im29.jpg,exeter
im643.jpg,edinburgh
im501.jpg,sheffield
im476.jpg,sheffield
N62_62_original.jpg,london
im543.jpg,glasgow
im309.jpg,exeter
im3.jpg,chester
N235_235_original.jpg,london
im796.jpg,sheffield
