ImageName,city,year
213_original.jpg,sheffield,1854
N156_156_original.jpg,london,1905
118_original.jpg,birmingham,1941
N137_137_original.jpg,london,1921
223_original.jpg,london,1985
N69_69_original.jpg,london,1931
92_original.jpg,birmingham,1936
63_original.jpg,birmingham,1898
258_original.jpg,birmingham,1912
N3_3_original.jpg,sheffield,1828
114_original.jpg,sheffield,1930
10_original.jpg,birmingham,2000
73_original.jpg,birmingham,1899
224_original.jpg,london,1808
148_original.jpg,london,1926
N196_196_original.jpg,sheffield,1909
103_original.jpg,london,1985
N216_216_original.jpg,sheffield,1905
N186_186_original.jpg,london,1858
N245_245_original.jpg,london,1790
N34_34_original.jpg,london,1975
38_original.jpg,london,1969
238_original.jpg,birmingham,1909
N208_208_original.jpg,sheffield,1904
N235_235_original.jpg,london,1806
N70_70_original.jpg,sheffield,1904
76_original.jpg,birmingham,1938
N112_112_original.jpg,glasgow,1918
N26_26_original.jpg,london,1801
N209_209_original.jpg,london,1894
123_original.jpg,birmingham,1931
N200_200_original.jpg,sheffield,1852
N184_184_original.jpg,london,1799
14_original.jpg,birmingham,1923
N84_84_original.jpg,london,1901
81_original.jpg,chester,1921
N58_58_original.jpg,london,1797
61_original.jpg,birmingham,1923
166_original.jpg,london,1932
155_original.jpg,london,1932
N118_118_original.jpg,sheffield,1926
142_original.jpg,birmingham,1932
N233_233_original.jpg,london,1789
231_original.jpg,sheffield,1897
N174_174_horiginal.jpg,birmingham,1907
N107_107_original.jpg,london,1906
79_original.jpg,sheffield,1910
N91_91_original.jpg,london,1905
259_original.jpg,london,1899
72_original.jpg,birmingham,1892
N40_40_original.jpg,london,1784
242_original.jpg,birmingham,1912
N158_158_original.jpg,sheffield,1927
N136_136_original.jpg,birmingham,1927
N170_170_original.jpg,sheffield,1895
145_original.jpg,london,1952
N95_95_original.jpg,chester,1902
236_original.jpg,london,1823
N64_64_original.jpg,birmingham,1908
29_original.jpg,sheffield,2001
257_original.jpg,birmingham,1927
40_original.jpg,birmingham,1935
N201_201_original.jpg,sheffield,1893
182_original.jpg,london,1901
69_original.jpg,birmingham,1904
N54_54_original.jpg,birmingham,1988
34_original.jpg,london,1982
N172_172_original.jpg,birmingham,1928
7_original.jpg,chester,1903
N27_27_original.jpg,london,1802
53_original.jpg,birmingham,1900
263_original.jpg,birmingham,1903
N100_100_original.jpg,london,1914
152_original.jpg,london,1932
260_original.jpg,birmingham,1973
N96_96_original.jpg,london,1898
43_original.jpg,london,1979
N154_154_original.jpg,london,1794
N135_135_original.jpg,sheffield,1910
28_original.jpg,london,2017
N197_197_original.jpg,london,1861
58_original.jpg,birmingham,1895
276_original.jpg,london,1988
N267_267_original.jpg,london,1804
234_original.jpg,london,1823
N257_257_original.jpg,london,1785
127_original.jpg,london,1927
N8_8_original.jpg,london,1899
36_original.jpg,sheffield,1973
N121_121_original.jpg,london,1900
N141_141_original.jpg,london,1861
N15_15_original.jpg,birmingham,1936
N104_104_original.jpg,london,1899
243_original.jpg,birmingham,1908
250_original.jpg,birmingham,1899
30_original.jpg,birmingham,1903
N11_11_original.jpg,birmingham,1917
N43_43_original.jpg,london,1820
209_original.jpg,birmingham,1899
N157_157_original.jpg,sheffield,1929
N93_93_original.jpg,birmingham,1938
11_original.jpg,birmingham,1994
271_original.jpg,london,1976
N119_119_original.jpg,birmingham,1926
N182_182_original.jpg,london,1860
176_original.jpg,birmingham,1972
261_original.jpg,birmingham,1890
N275_275_original.jpg,sheffield,1922
77_original.jpg,london,1824
N17_17_original.jpg,london,1949
N41_41_original.jpg,sheffield,1844
N81_81_original.jpg,birmingham,1901
57_original.jpg,birmingham,1909
N230_230_original.jpg,birmingham,1938
220_original.jpg,birmingham,1929
126_original.jpg,birmingham,1930
N229_229_original.jpg,sheffield,1918
N106_106_original.jpg,london,1906
N79_79_original.jpg,sheffield,1904
N144_144_original.jpg,london,1921
N171_171_original.jpg,london,1888
52_original.jpg,birmingham,1899
N168_168_original.jpg,birmingham,1932
181_original.jpg,london,1904
N272_272_original.jpg,chester,1934
N56_56_original.jpg,london,1772
109_original.jpg,sheffield,1912
N212_212_original.jpg,london,1821
N155_155_original.jpg,london,1805
N210_210_original.jpg,glasgow,1877
N87_87_original.jpg,sheffield,1919
N179_179_original.jpg,sheffield,1945
N32_32_original.jpg,london,1895
102_original.jpg,dublin,1976
N62_62_original.jpg,london,1775
N165_165_original.jpg,birmingham,1935
153_original.jpg,london,1932
N125_125_original.jpg,birmingham,1934
N53_53_original.jpg,london,1960
N33_33_original.jpg,london,1871
N206_206_original.jpg,sheffield,1925
84_original.jpg,london,1741
N203_203_original.jpg,sheffield,1904
3_original.jpg,birmingham,1901
189_original.jpg,london,1870
N163_163_original.jpg,sheffield,1921
205_original.jpg,london,1792
N166_166_original.jpg,london,1802
141_original.jpg,glasgow,1838
25_original.jpg,london,1978
N223_223_original.jpg,london,1889
N72_72_original.jpg,london,1892
197_original.jpg,sheffield,1955
N88_88_original.jpg,london,1910
N191_191_original.jpg,london,1883
91_original.jpg,birmingham,1853
N57_57_original.jpg,london,1913
N205_205_original.jpg,london,1928
37_original.jpg,birmingham,1973
N94_94_original.jpg,chester,1918
N190_190_original.jpg,sheffield,1886
N99_99_original.jpg,london,1887
N259_259_original.jpg,london,1816
86_original.jpg,birmingham,1934
214_original.jpg,london,1836
N52_52_original.jpg,london,1973
90_original.jpg,london,1961
N143_143_original.jpg,sheffield,1938
80_original.jpg,birmingham,1971
129_original.jpg,birmingham,1921
16_original.jpg,london,1970
85_original.jpg,london,1975
N264_264_original.jpg,london,1780
192_original.jpg,birmingham,1949
N116_116_original.jpg,london,1912
N103_103_original.jpg,london,1894
202_original.jpg,london,1939
N126_126_original.jpg,birmingham,1921
N217_217_original.jpg,birmingham,1936
161_original.jpg,london,1916
95_original.jpg,birmingham,1922
N225_225_original.jpg,chester,1903
112_original.jpg,sheffield,1919
281_original.jpg,birmingham,1915
247_original.jpg,sheffield,1928
135_original.jpg,london,1988
N139_139_original.jpg,birmingham,1909
164_original.jpg,london,1932
N78_78_original.jpg,sheffield,1921
N2_2_original.jpg,birmingham,1912
221_original.jpg,london,1938
269_original.jpg,london,1975
82_original.jpg,birmingham,1909
18_original.jpg,london,1978
N173_173_original.jpg,birmingham,1896
N167_167_original.jpg,london,1879
N92_92_original.jpg,london,1897
88_original.jpg,chester,1929
N130_130_original.jpg,london,1930
228_original.jpg,london,1853
22_original.jpg,london,1990
N46_46_original.jpg,london,1823
N23_23_original.jpg,london,1808
N60_60_original.jpg,sheffield,1814
N1_1_original.jpg,sheffield,1960
47_original.jpg,birmingham,1912
262_original.jpg,birmingham,1902
N38_38_original.jpg,london,1850
N151_151_original.jpg,london,1901
N240_240_original.jpg,sheffield,1919
N278_278_original.jpg,birmingham,1929
N242_242_original.jpg,edinburgh,1894
N290_290_original.jpg,chester,1897
N199_199_original.jpg,london,1816
96_original.jpg,sheffield,1899
N232_232_original.jpg,london,1792
N237_237_original.jpg,london,1791
N222_222_original.jpg,london,1904
N76_76_original.jpg,london,1900
246_original.jpg,london,1975
24_original.jpg,london,1938
N120_120_original.jpg,london,1889
203_original.jpg,london,1922
248_original.jpg,sheffield,1928
195_original.jpg,sheffield,1940
N90_90_original.jpg,birmingham,1918
N204_204_original.jpg,sheffield,1916
101_original.jpg,london,1805
N227_227_original.jpg,sheffield,1903
226_original.jpg,birmingham,1924
N219_219_original.jpg,birmingham,1900
N180_180_original.jpg,london,1825
N140_140_original.jpg,london,1905
173_original.jpg,birmingham,1918
273_original.jpg,birmingham,1936
N18_18_original.jpg,london,1964
N129_129_original.jpg,dublin,1902
N236_236_original.jpg,london,1792
23_original.jpg,london,1971
48_original.jpg,birmingham,1912
N152_152_original.jpg,sheffield,1901
N285_285_original.jpg,chester,1933
31_original.jpg,london,1978
N6_6_original.jpg,london,1914
N147_147_original.jpg,london,1925
N86_86_original.jpg,sheffield,1892
N85_85_original.jpg,birmingham,1911
62_original.jpg,birmingham,1898
N187_187_original.jpg,sheffield,1898
N55_55_original.jpg,london,1808
12_original.jpg,london,1985
N25_25_original.jpg,london,1816
N159_159_original.jpg,glasgow,1927
N228_228_original.jpg,london,1910
117_original.jpg,birmingham,1913
N101_101_original.jpg,london,1889
134_original.jpg,birmingham,1901
75_original.jpg,birmingham,1906
N148_148_original.jpg,london,1906
N128_128_original.jpg,sheffield,1935
27_original.jpg,birmingham,1991
32_original.jpg,london,1978
N188_188_original.jpg,london,1883
219_original.jpg,birmingham,1970
115_original.jpg,birmingham,1917
N134_134_original.jpg,sheffield,1921
93_original.jpg,birmingham,1907
45_original.jpg,sheffield,1975
254_original.jpg,birmingham,1939
268_original.jpg,london,1905
49_original.jpg,birmingham,1913
N178_178_original.jpg,london,1899
70_original.jpg,birmingham,1892
227_original.jpg,london,1834
N44_44_original.jpg,london,1971
207_original.jpg,sheffield,1896
N286_286_original.jpg,london,1926
N51_51_original.jpg,london,1915
N97_97_original.jpg,london,1901
218_original.jpg,london,1827
9_original.jpg,sheffield,1902
143_original.jpg,london,1902
N289_289_original.jpg,birmingham,1904
13_original.jpg,sheffield,2002
N207_207_original.jpg,sheffield,1931
175_original.jpg,birmingham,1971
41_original.jpg,london,1932
N269_269_original.jpg,sheffield,1942
66_original.jpg,birmingham,1913
131_original.jpg,chester,1929
N9_9_original.jpg,sheffield,1887
N164_164_original.jpg,birmingham,1908
N29_29_original.jpg,sheffield,1936
255_original.jpg,london,1909
N276_276_original.jpg,sheffield,1906
168_original.jpg,birmingham,1977
N189_189_original.jpg,sheffield,1901
60_original.jpg,birmingham,1905
266_original.jpg,birmingham,1902
99_original.jpg,london,1986
N115_115_original.jpg,birmingham,1936
17_original.jpg,london,1978
N109_109_original.jpg,birmingham,1901
282_original.jpg,birmingham,1932
N123_123_original.jpg,london,1923
N31_31_original.jpg,london,1873
N73_73_original.jpg,birmingham,1885
N176_176_original.jpg,birmingham,1936
217_original.jpg,sheffield,1917
N194_194_original.jpg,sheffield,1966
N288_288_original.jpg,london,1900
275_original.jpg,london,1865
33_original.jpg,london,1972
199_original.jpg,edinburgh,1814
N13_13_original.jpg,birmingham,1922
N61_61_original.jpg,sheffield,1776
N198_198_original.jpg,birmingham,1834
46_original.jpg,london,1945
N21_21_original.jpg,london,1925
68_original.jpg,birmingham,1931
N185_185_original.jpg,london,1821
19_original.jpg,sheffield,1978
N234_234_original.jpg,london,1836
N145_145_original.jpg,sheffield,1876
137_original.jpg,birmingham,1901
71_original.jpg,london,1838
N20_20_original.jpg,birmingham,1937
N287_287_original.jpg,birmingham,1902
151_original.jpg,london,1932
108_original.jpg,birmingham,1968
N82_82_original.jpg,sheffield,1895
N83_83_original.jpg,sheffield,1906
119_original.jpg,birmingham,1928
216_original.jpg,birmingham,1968
N47_47_original.jpg,london,1939
277_original.jpg,sheffield,1927
94_original.jpg,london,1823
184_original.jpg,london,1898
N124_124_original.jpg,london,1882
272_original.jpg,london,1907
104_original.jpg,edinburgh,1955
N108_108_original.jpg,london,1903
50_original.jpg,birmingham,1913
N274_274_original.jpg,london,1908
279_original.jpg,sheffield,1972
212_original.jpg,birmingham,1925
N133_133_original.jpg,sheffield,1904
N231_231_original.jpg,london,1813
N122_122_original.jpg,birmingham,1909
N238_238_original.jpg,edinburgh,1901
N131_131_original.jpg,birmingham,1922
274_original.jpg,birmingham,1936
N67_67_original.jpg,birmingham,1907
97_original.jpg,sheffield,1973
249_original.jpg,birmingham,1910
180_original.jpg,sheffield,1927
